Aggregation,Metric,Difference (graph - SVC),95% CI,Excludes zero
macro,Accuracy,-0.0044,"[-0.0155, 0.0068]",no
macro,Precision,-0.0211,"[-0.0360, -0.0062]",yes
macro,Recall,0.0202,"[0.0030, 0.0374]",yes
macro,F1,-0.0007,"[-0.0132, 0.0118]",no
macro,ROC-AUC,-0.0007,"[-0.0084, 0.0068]",no
macro,PR-AUC,-0.0086,"[-0.0220, 0.0050]",no
pooled,Accuracy,-0.0044,"[-0.0155, 0.0068]",no
pooled,Precision,-0.0208,"[-0.0357, -0.0059]",yes
pooled,Recall,0.0202,"[0.0030, 0.0375]",yes
pooled,F1,-0.0007,"[-0.0131, 0.0117]",no
pooled,ROC-AUC,-0.001,"[-0.0087, 0.0065]",no
pooled,PR-AUC,-0.0083,"[-0.0222, 0.0050]",no
