row_index,label,partition
0,1,train
1,1,train
2,1,validation
3,1,train
4,1,train
5,1,train
6,1,train
7,1,train
8,1,train
9,1,train
10,1,train
11,1,train
12,1,train
13,1,train
14,1,train
15,1,train
16,1,validation
17,1,test
18,1,validation
19,1,train
20,1,test
21,1,train
22,1,train
23,1,train
24,1,train
25,1,train
26,1,train
27,1,train
28,1,train
29,1,test
30,1,train
31,1,validation
32,1,validation
33,1,test
34,1,validation
35,1,train
36,1,train
37,1,train
38,1,train
39,1,test
40,1,train
41,1,train
42,1,train
43,1,train
44,1,train
45,1,train
46,1,train
47,1,train
48,1,test
49,1,train
50,1,train
51,1,train
52,1,validation
53,1,train
54,1,train
55,1,train
56,1,train
57,1,train
58,1,train
59,1,train
60,1,train
61,1,train
62,1,train
63,1,train
64,1,test
65,1,train
66,1,train
67,1,train
68,1,train
69,1,train
70,1,train
71,1,validation
72,1,train
73,0,train
74,1,train
75,1,train
76,1,train
77,1,train
78,1,train
79,1,train
80,1,train
81,1,validation
82,0,train
83,1,test
84,1,train
85,1,train
86,1,train
87,1,train
88,1,train
89,1,train
90,1,train
91,1,train
92,1,validation
93,1,train
94,1,validation
95,1,train
96,1,train
97,1,train
98,1,train
99,1,train
100,1,test
101,1,train
102,1,train
103,1,train
104,1,train
105,1,train
106,1,train
107,1,train
108,1,train
109,1,test
110,1,train
111,1,train
112,1,train
113,1,train
114,1,train
115,1,train
116,1,train
117,1,train
118,0,train
119,1,train
120,1,train
121,1,train
122,1,train
123,1,train
124,1,train
125,1,train
126,1,train
127,1,train
128,1,train
129,1,train
130,1,test
131,1,train
132,1,train
133,1,train
134,1,train
135,1,train
136,1,validation
137,1,train
138,1,train
139,1,train
140,1,validation
141,1,train
142,1,train
143,1,train
144,1,train
145,1,train
146,1,test
147,1,train
148,1,train
149,1,train
150,1,train
151,1,test
152,1,train
153,1,test
154,1,train
155,1,test
156,1,test
157,1,test
158,1,train
159,1,train
160,1,test
161,1,train
162,1,train
163,0,train
164,0,validation
165,1,train
166,1,train
167,1,train
168,1,train
169,1,train
170,1,train
171,1,test
172,1,train
173,0,train
174,1,train
175,1,train
176,1,train
177,1,train
178,1,train
179,1,train
180,1,train
181,1,train
182,1,train
183,1,train
184,1,train
185,1,test
186,1,test
187,1,train
188,1,train
189,1,train
190,0,train
191,1,train
192,0,validation
193,0,test
194,1,test
195,0,train
196,1,train
197,1,train
198,1,train
199,1,train
200,1,train
201,1,train
202,0,train
203,1,train
204,1,train
205,1,train
206,1,validation
207,1,test
208,1,train
209,0,train
210,0,train
211,0,train
212,0,train
213,0,validation
214,0,validation
215,0,train
216,0,validation
217,0,test
218,0,validation
219,0,train
220,0,train
221,0,train
222,0,validation
223,0,train
224,0,train
225,0,train
226,0,train
227,0,train
228,0,train
229,0,train
230,0,train
231,0,train
232,0,train
233,0,train
234,0,validation
235,0,train
236,0,test
237,0,train
238,0,train
239,0,train
240,0,train
241,0,train
242,0,train
243,0,train
244,0,test
245,0,train
246,0,validation
247,0,train
248,0,train
249,0,train
250,0,train
251,0,train
252,0,train
253,0,validation
254,0,train
255,0,train
256,0,train
257,0,train
258,0,train
259,0,train
260,0,train
261,0,test
262,0,train
263,0,train
264,0,train
265,0,train
266,0,test
267,0,train
268,0,train
269,0,train
270,0,train
271,0,train
272,0,train
273,0,train
274,0,train
275,0,train
276,0,train
277,0,train
278,0,train
279,0,train
280,0,train
281,0,train
282,0,train
283,0,test
284,0,validation
285,0,train
286,0,test
287,0,train
288,0,train
289,0,train
290,0,train
291,0,train
292,0,train
293,0,train
294,0,train
295,0,train
296,0,train
297,1,test
298,1,train
299,1,train
300,1,train
301,1,train
302,1,train
303,1,train
304,1,train
305,1,train
306,1,train
307,1,train
308,1,train
309,1,train
310,1,train
311,1,train
312,1,train
313,1,train
314,1,train
315,1,train
316,1,train
317,1,train
318,1,train
319,1,train
320,1,train
321,1,validation
322,1,train
323,1,train
324,1,train
325,1,train
326,1,validation
327,1,train
328,1,train
329,1,train
330,1,test
331,1,train
332,1,validation
333,1,train
334,1,train
335,1,train
336,1,train
337,1,train
338,1,validation
339,1,train
340,1,validation
341,1,train
342,1,validation
343,1,train
344,1,train
345,1,train
346,1,train
347,1,train
348,1,train
349,1,train
350,1,train
351,1,train
352,1,train
353,1,validation
354,1,train
355,1,validation
356,1,test
357,1,train
358,1,test
359,1,train
360,1,test
361,1,train
362,1,train
363,1,train
364,1,test
365,1,validation
366,1,validation
367,1,train
368,1,validation
369,1,train
370,1,train
371,1,train
372,1,train
373,1,train
374,1,train
375,1,train
376,1,train
377,1,validation
378,1,test
379,1,train
380,1,train
381,1,train
382,1,train
383,1,test
384,1,validation
385,1,train
386,1,train
387,1,validation
388,1,train
389,1,train
390,1,train
391,1,test
392,1,test
393,1,validation
394,1,train
395,1,train
396,1,train
397,1,test
398,1,train
399,1,test
400,1,train
401,1,validation
402,1,test
403,1,test
404,1,train
405,1,train
406,1,train
407,1,train
408,1,train
409,1,validation
410,1,validation
411,1,train
412,1,train
413,1,train
414,1,train
415,1,train
416,1,test
417,1,test
418,1,test
419,1,train
420,1,test
421,1,train
422,1,test
423,1,test
424,1,train
425,1,train
426,1,train
427,1,train
428,1,validation
429,1,validation
430,1,train
431,1,train
432,1,test
433,1,validation
434,1,train
435,1,train
436,1,test
437,1,train
438,1,train
439,1,validation
440,1,train
441,1,train
442,1,train
443,1,train
444,1,train
445,1,validation
446,1,train
447,1,train
448,1,train
449,1,validation
450,1,train
451,1,train
452,1,validation
453,1,train
454,1,train
455,1,train
456,1,train
457,1,train
458,1,validation
459,1,train
460,1,train
461,1,validation
462,1,train
463,1,validation
464,1,train
465,1,validation
466,1,validation
467,1,train
468,1,train
469,1,validation
470,1,train
471,1,test
472,1,validation
473,1,train
474,1,train
475,1,test
476,1,train
477,1,train
478,1,train
479,1,train
480,1,train
481,1,train
482,1,train
483,1,validation
484,1,train
485,1,test
486,1,train
487,1,train
488,1,validation
489,1,train
490,1,test
491,1,train
492,1,test
493,1,train
494,1,train
495,1,train
496,1,train
497,1,test
498,1,validation
499,1,train
500,1,train
501,1,train
502,1,train
503,1,train
504,1,train
505,1,test
506,1,train
507,1,validation
508,1,train
509,1,train
510,1,train
511,1,train
512,1,test
513,1,train
514,1,test
515,1,train
516,1,train
517,1,train
518,1,validation
519,1,train
520,1,test
521,1,train
522,1,validation
523,1,train
524,1,validation
525,1,test
526,1,train
527,1,train
528,1,train
529,1,validation
530,1,train
531,1,train
532,1,train
533,1,train
534,1,test
535,1,train
536,1,train
537,1,train
538,1,test
539,1,train
540,1,train
541,1,train
542,1,test
543,1,test
544,1,train
545,1,train
546,1,train
547,1,train
548,1,train
549,1,test
550,1,validation
551,1,train
552,1,train
553,1,test
554,1,train
555,1,validation
556,1,validation
557,1,test
558,1,validation
559,1,train
560,1,validation
561,1,train
562,1,train
563,1,validation
564,1,train
565,1,test
566,1,train
567,1,train
568,1,validation
569,1,train
570,1,train
571,1,train
572,1,test
573,1,validation
574,1,train
575,1,validation
576,1,validation
577,1,test
578,1,train
579,1,train
580,1,train
581,1,train
582,1,train
583,1,train
584,1,train
585,1,train
586,1,train
587,1,train
588,1,train
589,1,validation
590,1,train
591,1,train
592,1,train
593,1,train
594,1,train
595,1,validation
596,1,train
597,1,train
598,1,train
599,1,train
600,1,train
601,1,train
602,1,train
603,1,train
604,1,train
605,1,train
606,1,test
607,1,train
608,1,validation
609,1,train
610,1,train
611,1,train
612,1,train
613,1,train
614,1,validation
615,1,train
616,1,train
617,1,test
618,1,train
619,1,validation
620,1,train
621,1,train
622,1,validation
623,1,test
624,1,train
625,1,train
626,1,train
627,1,train
628,1,validation
629,1,test
630,1,test
631,1,train
632,1,train
633,1,validation
634,1,train
635,1,train
636,1,train
637,1,train
638,1,train
639,1,train
640,1,train
641,1,validation
642,1,train
643,1,train
644,1,train
645,1,train
646,1,train
647,1,train
648,1,train
649,1,train
650,1,test
651,1,train
652,1,train
653,1,train
654,1,train
655,1,train
656,1,validation
657,1,train
658,1,train
659,1,train
660,1,train
661,1,train
662,1,train
663,1,train
664,1,test
665,1,train
666,1,train
667,1,train
668,1,train
669,1,validation
670,1,train
671,1,validation
672,1,train
673,1,train
674,1,validation
675,1,train
676,1,test
677,1,test
678,1,train
679,1,train
680,1,test
681,1,train
682,1,train
683,1,validation
684,1,train
685,1,train
686,1,train
687,1,train
688,1,train
689,1,train
690,1,test
691,1,train
692,1,train
693,1,train
694,1,validation
695,1,train
696,1,train
697,1,train
698,1,test
699,1,validation
700,1,test
701,1,train
702,1,train
703,1,train
704,1,train
705,1,train
706,1,validation
707,1,validation
708,1,train
709,1,validation
710,1,train
711,1,validation
712,1,train
713,1,train
714,1,train
715,1,validation
716,1,test
717,1,validation
718,1,train
719,1,train
720,1,train
721,1,test
722,1,train
723,1,train
724,1,train
725,1,train
726,1,validation
727,1,train
728,1,train
729,1,train
730,1,validation
731,1,train
732,1,validation
733,1,train
734,1,train
735,1,validation
736,1,test
737,1,train
738,1,train
739,1,test
740,1,train
741,1,train
742,1,train
743,1,test
744,1,train
745,1,train
746,1,train
747,1,train
748,1,train
749,1,train
750,1,train
751,1,train
752,1,train
753,1,train
754,1,test
755,1,validation
756,1,test
757,1,train
758,1,validation
759,1,test
760,1,train
761,1,train
762,1,train
763,1,train
764,1,test
765,1,train
766,1,validation
767,1,train
768,1,validation
769,1,validation
770,1,train
771,1,train
772,1,train
773,1,train
774,1,train
775,1,train
776,1,train
777,1,train
778,1,train
779,1,train
780,1,train
781,1,train
782,1,train
783,1,train
784,1,validation
785,1,train
786,1,train
787,1,train
788,1,train
789,1,validation
790,1,train
791,1,train
792,1,validation
793,1,train
794,1,train
795,1,train
796,1,test
797,1,train
798,1,train
799,1,train
800,1,train
801,1,train
802,1,train
803,1,validation
804,1,validation
805,1,train
806,1,train
807,1,train
808,1,train
809,1,test
810,1,train
811,1,train
812,1,train
813,1,train
814,1,train
815,1,validation
816,1,train
817,1,train
818,1,validation
819,1,train
820,1,train
821,1,train
822,1,train
823,1,train
824,1,train
825,1,train
826,1,train
827,1,train
828,1,train
829,1,train
830,1,validation
831,1,train
832,1,train
833,1,train
834,1,test
835,1,validation
836,1,train
837,1,validation
838,1,train
839,1,validation
840,1,validation
841,1,train
842,1,train
843,1,validation
844,1,train
845,1,test
846,1,train
847,1,test
848,1,train
849,1,train
850,1,train
851,1,train
852,1,test
853,1,train
854,1,train
855,1,validation
856,1,train
857,1,test
858,1,train
859,1,train
860,1,train
861,1,train
862,1,train
863,1,train
864,1,train
865,1,train
866,1,train
867,1,train
868,1,train
869,1,test
870,1,test
871,1,train
872,1,test
873,1,train
874,1,train
875,1,test
876,1,train
877,1,validation
878,1,train
879,1,test
880,1,train
881,1,validation
882,1,train
883,1,train
884,1,train
885,1,test
886,1,train
887,1,train
888,1,train
889,1,test
890,1,train
891,1,train
892,1,train
893,1,train
894,1,train
895,1,train
896,1,train
897,1,train
898,1,validation
899,1,train
900,1,train
901,1,test
902,1,train
903,1,train
904,1,train
905,1,test
906,1,validation
907,1,train
908,1,train
909,1,test
910,1,train
911,1,train
912,1,train
913,1,train
914,1,train
915,1,train
916,1,train
917,1,train
918,1,train
919,1,train
920,1,train
921,1,test
922,1,validation
923,1,train
924,1,train
925,1,train
926,1,validation
927,1,train
928,1,test
929,1,train
930,1,train
931,1,test
932,1,train
933,1,train
934,1,train
935,1,train
936,1,train
937,1,train
938,1,train
939,1,test
940,1,test
941,1,train
942,1,train
943,1,train
944,1,train
945,1,test
946,1,test
947,1,train
948,1,train
949,1,train
950,1,train
951,1,train
952,1,validation
953,1,validation
954,1,train
955,1,train
956,1,train
957,1,train
958,1,train
959,1,train
960,1,test
961,1,test
962,1,train
963,1,train
964,1,train
965,1,train
966,1,validation
967,1,test
968,1,validation
969,1,train
970,1,train
971,1,test
972,1,train
973,1,train
974,1,validation
975,1,validation
976,1,validation
977,1,test
978,1,test
979,1,train
980,1,train
981,1,test
982,1,validation
983,1,train
984,1,test
985,1,train
986,1,train
987,1,train
988,1,train
989,1,train
990,1,test
991,1,validation
992,1,train
993,1,train
994,1,train
995,1,train
996,1,train
997,1,train
998,1,train
999,1,test
1000,1,train
1001,1,train
1002,1,train
1003,1,train
1004,1,validation
1005,1,test
1006,1,test
1007,1,train
1008,1,train
1009,1,test
1010,1,train
1011,1,test
1012,1,validation
1013,1,train
1014,1,train
1015,1,train
1016,1,train
1017,1,train
1018,1,train
1019,1,validation
1020,1,train
1021,1,train
1022,1,validation
1023,1,train
1024,1,train
1025,1,train
1026,1,test
1027,1,test
1028,1,train
1029,1,validation
1030,1,train
1031,1,train
1032,1,train
1033,1,train
1034,1,test
1035,1,train
1036,1,train
1037,1,test
1038,1,train
1039,1,train
1040,1,train
1041,1,train
1042,1,train
1043,1,validation
1044,1,train
1045,1,train
1046,1,train
1047,1,train
1048,1,train
1049,1,train
1050,1,train
1051,1,validation
1052,1,train
1053,1,train
1054,1,train
1055,1,train
1056,1,train
1057,1,train
1058,1,train
1059,1,train
1060,1,test
1061,1,test
1062,1,train
1063,1,train
1064,1,train
1065,1,test
1066,1,validation
1067,1,train
1068,1,train
1069,1,test
1070,1,validation
1071,1,train
1072,1,train
1073,1,train
1074,1,train
1075,1,test
1076,1,train
1077,1,train
1078,1,train
1079,1,test
1080,1,train
1081,1,train
1082,1,validation
1083,1,train
1084,1,train
1085,1,train
1086,1,train
1087,1,train
1088,1,train
1089,1,train
1090,1,train
1091,1,train
1092,1,validation
1093,1,train
1094,1,train
1095,1,train
1096,1,validation
1097,1,validation
1098,1,train
1099,1,validation
1100,1,train
1101,1,train
1102,1,train
1103,1,train
1104,1,train
1105,1,train
1106,1,train
1107,1,train
1108,1,train
1109,1,train
1110,1,train
1111,1,train
1112,1,train
1113,1,train
1114,1,train
1115,1,train
1116,1,test
1117,1,train
1118,1,train
1119,1,train
1120,1,validation
1121,1,train
1122,1,train
1123,1,train
1124,1,train
1125,1,train
1126,1,train
1127,1,test
1128,1,train
1129,1,train
1130,1,train
1131,1,train
1132,1,train
1133,1,train
1134,1,validation
1135,1,validation
1136,1,test
1137,1,validation
1138,1,test
1139,1,validation
1140,1,train
1141,1,train
1142,1,train
1143,1,train
1144,1,train
1145,1,train
1146,1,train
1147,1,train
1148,1,train
1149,1,train
1150,1,test
1151,1,train
1152,1,test
1153,1,train
1154,1,test
1155,1,test
1156,1,validation
1157,1,validation
1158,1,test
1159,1,validation
1160,1,train
1161,1,test
1162,1,train
1163,1,train
1164,1,train
1165,1,test
1166,1,train
1167,1,train
1168,1,test
1169,1,train
1170,1,train
1171,1,train
1172,1,train
1173,1,train
1174,1,train
1175,1,test
1176,1,train
1177,1,train
1178,1,test
1179,1,train
1180,1,test
1181,1,train
1182,1,test
1183,1,train
1184,1,train
1185,1,train
1186,1,validation
1187,1,train
1188,1,train
1189,1,train
1190,1,validation
1191,1,validation
1192,1,test
1193,1,train
1194,1,validation
1195,1,train
1196,1,train
1197,1,validation
1198,1,train
1199,1,train
1200,1,train
1201,1,train
1202,1,validation
1203,1,train
1204,1,train
1205,1,train
1206,1,test
1207,1,train
1208,1,train
1209,1,train
1210,1,train
1211,1,train
1212,1,train
1213,1,train
1214,1,train
1215,1,train
1216,1,train
1217,1,train
1218,1,train
1219,1,train
1220,1,validation
1221,1,train
1222,1,train
1223,1,validation
1224,1,test
1225,1,train
1226,1,train
1227,1,train
1228,1,train
1229,1,train
1230,1,train
1231,1,train
1232,1,train
1233,1,train
1234,1,train
1235,1,train
1236,1,train
1237,1,validation
1238,1,train
1239,1,train
1240,1,validation
1241,1,train
1242,1,train
1243,1,train
1244,1,train
1245,1,train
1246,1,train
1247,1,train
1248,1,train
1249,1,train
1250,1,validation
1251,1,train
1252,1,train
1253,1,train
1254,1,validation
1255,1,train
1256,1,train
1257,1,validation
1258,1,train
1259,1,train
1260,1,test
1261,1,test
1262,1,train
1263,1,train
1264,1,train
1265,1,train
1266,1,train
1267,1,train
1268,1,train
1269,1,train
1270,1,validation
1271,1,train
1272,1,test
1273,1,train
1274,1,train
1275,1,validation
1276,1,train
1277,1,train
1278,1,train
1279,1,train
1280,1,train
1281,1,train
1282,1,train
1283,1,train
1284,1,train
1285,1,test
1286,1,train
1287,1,train
1288,1,train
1289,1,test
1290,1,train
1291,1,train
1292,1,train
1293,1,train
1294,1,train
1295,1,train
1296,1,train
1297,1,test
1298,1,test
1299,1,test
1300,1,train
1301,1,test
1302,1,train
1303,1,test
1304,1,train
1305,1,test
1306,1,train
1307,1,train
1308,1,train
1309,1,train
1310,1,train
1311,1,train
1312,1,train
1313,1,train
1314,1,train
1315,1,validation
1316,1,validation
1317,1,train
1318,1,validation
1319,1,train
1320,1,train
1321,1,train
1322,1,train
1323,1,train
1324,1,validation
1325,1,train
1326,1,train
1327,1,train
1328,1,test
1329,1,train
1330,1,test
1331,1,validation
1332,1,validation
1333,1,train
1334,1,train
1335,1,validation
1336,1,validation
1337,1,validation
1338,1,train
1339,1,train
1340,1,train
1341,1,validation
1342,1,train
1343,1,train
1344,1,train
1345,1,train
1346,1,train
1347,1,train
1348,1,train
1349,1,train
1350,1,train
1351,1,train
1352,1,train
1353,1,validation
1354,1,train
1355,1,train
1356,1,validation
1357,1,train
1358,1,train
1359,1,train
1360,1,train
1361,1,test
1362,1,train
1363,1,validation
1364,1,train
1365,1,train
1366,1,train
1367,1,train
1368,1,train
1369,1,train
1370,1,train
1371,1,train
1372,1,train
1373,1,train
1374,1,train
1375,1,train
1376,1,validation
1377,1,train
1378,1,train
1379,1,train
1380,1,train
1381,1,train
1382,1,train
1383,1,test
1384,1,train
1385,1,train
1386,1,train
1387,1,train
1388,1,validation
1389,1,validation
1390,1,train
1391,1,train
1392,1,train
1393,1,train
1394,1,train
1395,1,test
1396,1,test
1397,1,train
1398,1,train
1399,1,train
1400,1,train
1401,1,train
1402,1,train
1403,1,test
1404,1,train
1405,1,train
1406,1,validation
1407,1,train
1408,1,train
1409,1,train
1410,1,train
1411,1,validation
1412,1,train
1413,1,train
1414,1,train
1415,1,train
1416,1,train
1417,1,train
1418,1,train
1419,1,train
1420,1,train
1421,1,train
1422,1,validation
1423,1,train
1424,1,train
1425,1,train
1426,1,train
1427,1,train
1428,1,train
1429,1,test
1430,1,train
1431,1,train
1432,1,train
1433,1,train
1434,1,validation
1435,1,validation
1436,1,train
1437,1,train
1438,1,test
1439,1,test
1440,1,train
1441,1,train
1442,1,test
1443,1,train
1444,1,train
1445,1,validation
1446,1,test
1447,1,train
1448,1,train
1449,1,validation
1450,1,validation
1451,1,test
1452,1,train
1453,1,train
1454,1,test
1455,1,train
1456,1,train
1457,1,train
1458,1,train
1459,1,train
1460,1,test
1461,1,train
1462,1,train
1463,1,test
1464,1,validation
1465,1,train
1466,1,test
1467,1,train
1468,1,test
1469,1,train
1470,1,train
1471,1,train
1472,1,train
1473,1,train
1474,1,train
1475,1,train
1476,1,validation
1477,1,train
1478,1,train
1479,1,validation
1480,1,train
1481,1,train
1482,1,test
1483,1,train
1484,1,validation
1485,1,train
1486,1,train
1487,1,test
1488,1,train
1489,1,train
1490,1,train
1491,1,train
1492,1,validation
1493,1,train
1494,1,train
1495,1,train
1496,1,train
1497,1,train
1498,1,train
1499,1,train
1500,1,train
1501,1,train
1502,1,train
1503,1,train
1504,1,train
1505,1,train
1506,1,train
1507,1,train
1508,1,train
1509,1,validation
1510,1,train
1511,1,train
1512,1,validation
1513,1,validation
1514,1,validation
1515,1,train
1516,1,train
1517,1,train
1518,1,train
1519,1,train
1520,1,train
1521,1,train
1522,1,train
1523,1,train
1524,1,train
1525,1,train
1526,1,test
1527,1,train
1528,1,train
1529,1,train
1530,1,train
1531,1,train
1532,1,train
1533,1,train
1534,1,train
1535,1,train
1536,1,test
1537,1,train
1538,1,train
1539,1,train
1540,1,train
1541,1,train
1542,1,test
1543,1,train
1544,1,train
1545,1,train
1546,1,train
1547,1,train
1548,1,train
1549,1,validation
1550,1,train
1551,1,train
1552,1,test
1553,1,train
1554,1,train
1555,1,train
1556,1,validation
1557,1,train
1558,1,train
1559,1,test
1560,1,validation
1561,1,train
1562,1,train
1563,1,train
1564,1,train
1565,1,train
1566,1,train
1567,1,train
1568,1,train
1569,1,train
1570,1,train
1571,1,validation
1572,1,train
1573,1,validation
1574,1,train
1575,1,train
1576,1,validation
1577,1,train
1578,1,train
1579,1,train
1580,1,train
1581,1,validation
1582,1,test
1583,1,train
1584,1,train
1585,1,train
1586,1,train
1587,1,train
1588,1,train
1589,1,train
1590,1,train
1591,1,train
1592,1,train
1593,1,train
1594,1,train
1595,1,train
1596,1,train
1597,1,train
1598,1,train
1599,1,train
1600,1,validation
1601,1,train
1602,1,validation
1603,1,train
1604,1,train
1605,1,train
1606,1,train
1607,1,validation
1608,1,test
1609,1,train
1610,1,train
1611,1,train
1612,1,train
1613,1,train
1614,1,train
1615,1,train
1616,1,validation
1617,1,test
1618,1,train
1619,1,train
1620,1,train
1621,1,validation
1622,1,train
1623,1,train
1624,1,train
1625,1,test
1626,1,train
1627,1,train
1628,1,train
1629,1,test
1630,1,validation
1631,1,train
1632,1,test
1633,1,train
1634,1,train
1635,1,train
1636,1,train
1637,1,train
1638,1,train
1639,1,train
1640,1,train
1641,1,validation
1642,1,train
1643,1,test
1644,1,test
1645,1,train
1646,1,train
1647,1,train
1648,1,train
1649,1,train
1650,1,validation
1651,1,train
1652,1,train
1653,1,train
1654,1,train
1655,1,train
1656,1,train
1657,1,train
1658,1,train
1659,1,train
1660,1,train
1661,1,train
1662,1,train
1663,1,train
1664,1,train
1665,1,train
1666,1,train
1667,1,train
1668,1,train
1669,1,train
1670,1,train
1671,1,train
1672,1,train
1673,1,train
1674,1,train
1675,1,test
1676,1,test
1677,1,train
1678,1,train
1679,1,train
1680,1,train
1681,1,train
1682,1,train
1683,1,train
1684,1,train
1685,1,test
1686,1,test
1687,1,train
1688,1,train
1689,1,train
1690,1,train
1691,1,train
1692,1,train
1693,1,train
1694,1,train
1695,1,train
1696,1,test
1697,1,train
1698,1,validation
1699,1,train
1700,1,train
1701,1,train
1702,1,train
1703,1,train
1704,1,train
1705,1,train
1706,1,validation
1707,1,train
1708,1,validation
1709,1,train
1710,1,train
1711,1,train
1712,1,train
1713,1,train
1714,1,train
1715,1,validation
1716,1,train
1717,1,test
1718,1,train
1719,1,train
1720,1,train
1721,1,train
1722,1,train
1723,1,test
1724,1,train
1725,1,train
1726,1,train
1727,1,train
1728,1,train
1729,1,train
1730,1,train
1731,1,train
1732,1,train
1733,1,train
1734,1,train
1735,1,train
1736,1,train
1737,1,train
1738,1,train
1739,1,validation
1740,1,train
1741,1,train
1742,1,test
1743,1,train
1744,1,train
1745,1,train
1746,1,train
1747,1,train
1748,1,train
1749,1,train
1750,1,train
1751,1,train
1752,1,train
1753,1,train
1754,1,train
1755,1,train
1756,1,train
1757,1,train
1758,1,train
1759,1,train
1760,1,train
1761,1,test
1762,1,train
1763,1,train
1764,1,train
1765,1,validation
1766,1,train
1767,1,train
1768,1,validation
1769,1,validation
1770,1,train
1771,1,train
1772,1,test
1773,1,train
1774,1,train
1775,1,train
1776,1,train
1777,1,train
1778,1,train
1779,1,train
1780,1,train
1781,1,train
1782,1,train
1783,1,test
1784,1,train
1785,1,train
1786,1,train
1787,1,train
1788,1,train
1789,1,train
1790,1,train
1791,1,train
1792,1,train
1793,1,train
1794,1,train
1795,1,train
1796,1,train
1797,1,train
1798,1,train
1799,1,train
1800,1,train
1801,1,train
1802,1,train
1803,1,train
1804,1,test
1805,1,train
1806,1,train
1807,1,train
1808,1,train
1809,1,train
1810,1,train
1811,1,test
1812,1,train
1813,1,train
1814,1,test
1815,1,test
1816,1,train
1817,1,train
1818,1,train
1819,1,train
1820,1,train
1821,1,train
1822,1,train
1823,1,validation
1824,1,train
1825,1,train
1826,1,train
1827,1,train
1828,1,train
1829,1,train
1830,1,train
1831,1,train
1832,1,train
1833,1,train
1834,1,train
1835,1,train
1836,1,train
1837,1,train
1838,1,train
1839,1,train
1840,1,test
1841,1,train
1842,1,validation
1843,1,train
1844,1,train
1845,1,train
1846,1,train
1847,1,train
1848,1,train
1849,1,train
1850,1,train
1851,1,test
1852,1,train
1853,1,train
1854,1,test
1855,1,validation
1856,1,test
1857,1,train
1858,1,train
1859,1,validation
1860,1,train
1861,1,train
1862,1,train
1863,1,train
1864,1,validation
1865,1,train
1866,1,train
1867,1,train
1868,1,train
1869,1,train
1870,1,train
1871,1,train
1872,1,train
1873,1,train
1874,1,train
1875,1,train
1876,1,train
1877,1,test
1878,1,train
1879,1,train
1880,1,train
1881,1,train
1882,1,train
1883,1,train
1884,1,train
1885,1,train
1886,1,train
1887,1,train
1888,1,train
1889,1,train
1890,1,test
1891,1,train
1892,1,train
1893,1,train
1894,1,train
1895,1,train
1896,1,validation
1897,1,train
1898,1,train
1899,1,train
1900,1,train
1901,1,train
1902,1,train
1903,1,train
1904,1,test
1905,1,train
1906,1,train
1907,1,train
1908,1,train
1909,1,train
1910,1,train
1911,1,train
1912,0,train
1913,0,train
1914,0,train
1915,0,train
1916,0,train
1917,0,train
1918,0,train
1919,0,train
1920,0,train
1921,0,train
1922,0,train
1923,0,train
1924,0,train
1925,0,train
1926,0,train
1927,0,validation
1928,0,train
1929,0,train
1930,0,train
1931,0,train
1932,0,validation
1933,0,train
1934,0,train
1935,0,validation
1936,0,train
1937,0,train
1938,0,train
1939,0,train
1940,0,test
1941,0,train
1942,0,validation
1943,0,train
1944,0,train
1945,0,train
1946,0,train
1947,0,test
1948,0,test
1949,0,test
1950,0,train
1951,0,train
1952,0,train
1953,0,test
1954,0,test
1955,0,train
1956,0,train
1957,0,train
1958,0,train
1959,0,train
1960,0,train
1961,0,train
1962,0,train
1963,0,train
1964,0,train
1965,0,train
1966,0,train
1967,0,train
1968,0,train
1969,0,train
1970,0,train
1971,0,train
1972,0,train
1973,0,train
1974,0,train
1975,0,train
1976,0,validation
1977,0,train
1978,0,train
1979,0,train
1980,0,train
1981,0,train
1982,0,train
1983,0,train
1984,0,train
1985,0,train
1986,0,train
1987,0,train
1988,0,train
1989,0,test
1990,0,train
1991,0,train
1992,0,train
1993,0,train
1994,0,train
1995,0,train
1996,0,test
1997,0,train
1998,0,train
1999,0,validation
2000,0,train
2001,0,train
2002,0,validation
2003,0,test
2004,0,train
2005,0,train
2006,0,train
2007,0,validation
2008,0,train
2009,0,train
2010,0,train
2011,0,train
2012,0,train
2013,0,train
2014,0,train
2015,0,train
2016,0,train
2017,0,train
2018,0,train
2019,0,train
2020,0,train
2021,0,validation
2022,0,train
2023,0,train
2024,0,train
2025,0,train
2026,0,train
2027,0,train
2028,0,train
2029,0,train
2030,0,train
2031,0,train
2032,0,test
2033,0,train
2034,0,train
2035,0,train
2036,0,train
2037,0,train
2038,0,train
2039,0,train
2040,0,test
2041,0,train
2042,0,train
2043,0,train
2044,0,train
2045,0,train
2046,0,train
2047,0,train
2048,0,train
2049,0,train
2050,0,test
2051,0,train
2052,0,train
2053,0,train
2054,0,train
2055,0,train
2056,0,train
2057,0,train
2058,0,train
2059,0,train
2060,0,train
2061,0,train
2062,0,validation
2063,0,train
2064,0,train
2065,0,validation
2066,0,train
2067,0,train
2068,0,train
2069,0,train
2070,0,test
2071,0,train
2072,0,train
2073,0,train
2074,0,train
2075,0,train
2076,0,test
2077,0,train
2078,0,train
2079,0,train
2080,0,train
2081,0,train
2082,0,train
2083,0,test
2084,0,train
2085,0,train
2086,0,train
2087,0,train
2088,0,validation
2089,0,train
2090,0,validation
2091,0,train
2092,0,train
2093,0,train
2094,0,train
2095,0,train
2096,0,train
2097,0,train
2098,0,train
2099,0,train
2100,0,train
2101,0,train
2102,0,train
2103,0,train
2104,0,train
2105,0,train
2106,0,train
2107,0,train
2108,0,train
2109,0,train
2110,0,train
2111,0,train
2112,0,train
2113,0,train
2114,0,train
2115,0,train
2116,0,train
2117,0,test
2118,0,train
2119,0,train
2120,0,train
2121,0,train
2122,0,test
2123,0,test
2124,0,train
2125,0,train
2126,0,train
2127,0,train
2128,0,train
2129,0,test
2130,0,train
2131,0,train
2132,0,train
2133,0,train
2134,0,train
2135,0,train
2136,0,test
2137,0,train
2138,0,test
2139,0,train
2140,0,train
2141,0,train
2142,0,train
2143,0,train
2144,0,train
2145,0,train
2146,0,train
2147,0,train
2148,0,test
2149,0,train
2150,0,train
2151,0,train
2152,0,test
2153,0,train
2154,0,train
2155,0,train
2156,0,train
2157,0,test
2158,0,train
2159,0,train
2160,0,train
2161,0,train
2162,0,train
2163,0,validation
2164,0,train
2165,0,train
2166,0,train
2167,0,train
2168,0,test
2169,0,train
2170,0,train
2171,0,train
2172,0,test
2173,0,train
2174,0,train
2175,0,train
2176,0,train
2177,0,train
2178,0,train
2179,0,train
2180,0,train
2181,0,train
2182,0,train
2183,0,train
2184,0,train
2185,0,train
2186,0,train
2187,0,validation
2188,0,train
2189,0,train
2190,0,train
2191,0,train
2192,0,train
2193,0,train
2194,0,train
2195,0,train
2196,0,train
2197,0,test
2198,0,train
2199,0,train
2200,0,train
2201,0,train
2202,0,train
2203,0,train
2204,0,train
2205,0,test
2206,0,train
2207,0,train
2208,0,validation
2209,0,train
2210,0,train
2211,0,train
2212,0,validation
2213,0,train
2214,0,train
2215,0,test
2216,0,train
2217,0,train
2218,0,validation
2219,0,train
2220,0,train
2221,0,validation
2222,0,train
2223,0,train
2224,0,train
2225,0,train
2226,0,train
2227,0,train
2228,0,train
2229,0,train
2230,0,test
2231,0,train
2232,0,train
2233,0,train
2234,0,test
2235,0,test
2236,0,train
2237,0,test
2238,0,train
2239,0,train
2240,0,train
2241,0,train
2242,0,train
2243,0,train
2244,0,train
2245,0,train
2246,0,test
2247,0,validation
2248,0,train
2249,0,train
2250,0,train
2251,0,train
2252,0,train
2253,0,test
2254,0,train
2255,0,train
2256,0,train
2257,0,train
2258,0,train
2259,0,train
2260,0,train
2261,0,train
2262,0,train
2263,0,train
2264,0,train
2265,0,train
2266,0,validation
2267,0,train
2268,0,test
2269,0,train
2270,0,train
2271,0,train
2272,0,train
2273,0,train
2274,0,train
2275,0,train
2276,0,train
2277,0,train
2278,0,train
2279,0,train
2280,0,train
2281,0,train
2282,0,train
2283,0,train
2284,0,train
2285,0,train
2286,0,train
2287,0,train
2288,0,train
2289,0,train
2290,0,train
2291,0,train
2292,0,train
2293,0,train
2294,0,train
2295,0,train
2296,0,train
2297,0,train
2298,0,test
2299,0,train
2300,0,train
2301,0,train
2302,0,train
2303,0,train
2304,0,train
2305,0,train
2306,0,test
2307,0,train
2308,0,test
2309,0,train
2310,0,test
2311,0,test
2312,0,validation
2313,0,train
2314,0,train
2315,0,test
2316,0,train
2317,0,train
2318,0,train
2319,0,train
2320,0,train
2321,0,train
2322,0,train
2323,0,train
2324,0,train
2325,0,train
2326,0,train
2327,0,train
2328,0,train
2329,0,train
2330,0,train
2331,0,train
2332,0,train
2333,0,train
2334,0,train
2335,0,train
2336,0,validation
2337,0,validation
2338,0,test
2339,0,train
2340,0,train
2341,0,train
2342,0,train
2343,0,validation
2344,0,train
2345,0,train
2346,0,train
2347,0,train
2348,0,test
2349,0,train
2350,0,train
2351,0,validation
2352,0,train
2353,0,train
2354,0,train
2355,0,test
2356,0,train
2357,0,train
2358,0,train
2359,0,train
2360,0,train
2361,0,train
2362,0,test
2363,0,train
2364,0,train
2365,0,train
2366,0,train
2367,0,train
2368,0,train
2369,0,train
2370,0,train
2371,0,train
2372,0,test
2373,0,train
2374,0,train
2375,0,train
2376,0,train
2377,0,test
2378,0,train
2379,0,train
2380,0,train
2381,0,train
2382,0,test
2383,0,train
2384,0,train
2385,0,train
2386,0,train
2387,0,train
2388,0,train
2389,0,train
2390,0,train
2391,0,train
2392,0,train
2393,0,train
2394,0,train
2395,0,train
2396,0,train
2397,0,train
2398,0,train
2399,0,train
2400,0,train
2401,0,train
2402,0,train
2403,0,train
2404,0,train
2405,0,train
2406,0,train
2407,0,train
2408,0,validation
2409,0,train
2410,0,train
2411,0,train
2412,0,validation
2413,0,train
2414,0,train
2415,0,train
2416,0,train
2417,0,train
2418,0,train
2419,0,validation
2420,0,train
2421,0,train
2422,0,train
2423,0,train
2424,0,train
2425,0,train
2426,0,train
2427,0,train
2428,0,train
2429,0,train
2430,0,validation
2431,0,train
2432,0,train
2433,0,train
2434,0,train
2435,0,train
2436,0,train
2437,0,train
2438,0,train
2439,0,train
2440,0,train
2441,0,train
2442,0,validation
2443,0,train
2444,0,train
2445,0,train
2446,0,train
2447,0,test
2448,0,train
2449,0,train
2450,0,train
2451,0,train
2452,0,train
2453,0,train
2454,0,train
2455,0,train
2456,0,train
2457,0,train
2458,0,train
2459,0,validation
2460,0,train
2461,0,validation
2462,0,train
2463,0,train
2464,0,train
2465,0,train
2466,0,train
2467,0,train
2468,0,train
2469,0,train
2470,0,train
2471,0,test
2472,0,train
2473,0,validation
2474,0,validation
2475,0,train
2476,0,train
2477,0,validation
2478,0,validation
2479,0,train
2480,0,train
2481,0,train
2482,0,validation
2483,0,validation
2484,0,test
2485,0,train
2486,0,train
2487,0,train
2488,0,train
2489,0,train
2490,0,train
2491,0,train
2492,0,train
2493,0,train
2494,0,train
2495,0,train
2496,0,train
2497,0,train
2498,0,train
2499,0,train
2500,0,train
2501,0,train
2502,0,train
2503,0,train
2504,0,train
2505,0,validation
2506,0,train
2507,0,train
2508,0,train
2509,0,train
2510,0,train
2511,0,train
2512,0,train
2513,0,train
2514,0,train
2515,0,train
2516,0,train
2517,0,validation
2518,0,validation
2519,0,validation
2520,0,train
2521,0,train
2522,0,train
2523,0,test
2524,0,train
2525,0,test
2526,0,train
2527,0,train
2528,0,train
2529,0,train
2530,0,train
2531,0,test
2532,0,train
2533,0,train
2534,0,train
2535,0,train
2536,0,train
2537,0,validation
2538,0,train
2539,0,train
2540,0,train
2541,0,train
2542,0,train
2543,0,train
2544,0,train
2545,0,train
2546,0,train
2547,0,train
2548,0,train
2549,0,train
2550,0,train
2551,0,train
2552,0,train
2553,0,train
2554,0,train
2555,0,validation
2556,0,train
2557,0,test
2558,0,train
2559,0,train
2560,0,train
2561,0,validation
2562,0,train
2563,0,train
2564,0,train
2565,0,train
2566,0,train
2567,0,train
2568,0,train
2569,0,train
2570,0,train
2571,0,train
2572,0,train
2573,0,test
2574,0,train
2575,0,train
2576,0,train
2577,0,train
2578,0,train
2579,0,train
2580,0,train
2581,0,train
2582,0,train
2583,0,train
2584,0,train
2585,0,test
2586,0,train
2587,0,train
2588,0,test
2589,0,train
2590,0,train
2591,0,train
2592,0,train
2593,0,train
2594,0,train
2595,0,train
2596,0,train
2597,0,validation
2598,0,train
2599,0,train
2600,0,train
2601,0,train
2602,0,train
2603,0,train
2604,0,train
2605,0,train
2606,0,train
2607,0,test
2608,0,train
2609,0,train
2610,0,train
2611,0,train
2612,0,validation
2613,0,train
2614,0,train
2615,0,train
2616,0,train
2617,0,train
2618,0,test
2619,0,train
2620,0,train
2621,0,train
2622,0,train
2623,0,train
2624,0,train
2625,0,train
2626,0,train
2627,0,train
2628,0,train
2629,0,train
2630,0,train
2631,0,train
2632,0,train
2633,0,test
2634,0,train
2635,0,train
2636,0,train
2637,0,train
2638,0,train
2639,0,train
2640,0,train
2641,0,train
2642,0,train
2643,0,train
2644,0,train
2645,0,train
2646,0,test
2647,0,train
2648,0,train
2649,0,train
2650,0,train
2651,0,train
2652,0,train
2653,0,validation
2654,0,train
2655,0,train
2656,0,train
2657,0,train
2658,0,train
2659,0,train
2660,0,train
2661,0,train
2662,0,train
2663,0,train
2664,0,train
2665,0,train
2666,0,train
2667,0,validation
2668,0,train
2669,0,train
2670,0,train
2671,0,test
2672,0,train
2673,0,train
2674,0,train
2675,0,test
2676,0,train
2677,0,train
2678,0,train
2679,0,train
2680,0,train
2681,0,train
2682,0,train
2683,0,train
2684,0,train
2685,0,train
2686,0,train
2687,0,train
2688,0,train
2689,0,train
2690,0,train
2691,0,train
2692,0,train
2693,0,train
2694,0,train
2695,0,train
2696,0,train
2697,0,train
2698,0,train
2699,0,test
2700,0,train
2701,0,train
2702,0,train
2703,0,train
2704,0,train
2705,0,train
2706,0,test
2707,0,train
2708,0,train
2709,0,validation
2710,0,train
2711,0,train
2712,0,validation
2713,0,test
2714,0,train
2715,0,train
2716,0,train
2717,0,train
2718,0,train
2719,0,train
2720,0,train
2721,0,train
2722,0,train
2723,0,train
2724,0,train
2725,0,train
2726,0,train
2727,0,train
2728,0,train
2729,0,train
2730,0,train
2731,0,test
2732,0,validation
2733,0,train
2734,0,train
2735,0,train
2736,0,train
2737,0,train
2738,0,train
2739,0,train
2740,0,train
2741,0,test
2742,0,train
2743,0,train
2744,0,train
2745,0,train
2746,0,train
2747,0,test
2748,0,train
2749,0,train
2750,0,train
2751,0,train
2752,0,train
2753,0,train
2754,0,train
2755,0,train
2756,0,train
2757,0,train
2758,0,train
2759,0,train
2760,0,train
2761,0,train
2762,0,validation
2763,0,train
2764,0,train
2765,0,train
2766,0,train
2767,0,train
2768,0,train
2769,0,train
2770,0,train
2771,0,train
2772,0,train
2773,0,train
2774,0,validation
2775,0,train
2776,0,validation
2777,0,test
2778,0,train
2779,0,train
2780,0,train
2781,0,train
2782,0,train
2783,0,train
2784,0,train
2785,0,test
2786,0,train
2787,0,test
2788,0,test
2789,0,test
2790,0,train
2791,0,train
2792,0,train
2793,0,train
2794,0,train
2795,0,train
2796,0,train
2797,0,train
2798,0,test
2799,0,train
2800,0,train
2801,0,validation
2802,0,train
2803,0,train
2804,0,train
2805,0,train
2806,0,train
2807,0,train
2808,0,train
2809,0,train
2810,0,train
2811,0,train
2812,0,train
2813,0,validation
2814,0,train
2815,0,train
2816,0,train
2817,0,validation
2818,0,train
2819,0,train
2820,0,train
2821,0,train
2822,0,train
2823,0,train
2824,0,train
2825,0,train
2826,0,train
2827,0,train
2828,0,train
2829,0,validation
2830,0,train
2831,0,train
2832,0,train
2833,0,train
2834,0,train
2835,0,validation
2836,0,test
2837,0,train
2838,0,train
2839,0,test
2840,0,train
2841,0,train
2842,0,train
2843,0,train
2844,0,train
2845,0,train
2846,0,test
2847,0,train
2848,0,train
2849,0,train
2850,0,train
2851,0,train
2852,0,train
2853,0,test
2854,0,train
2855,0,train
2856,0,train
2857,0,train
2858,0,train
2859,0,train
2860,0,train
2861,0,test
2862,0,validation
2863,0,train
2864,0,train
2865,0,train
2866,0,validation
2867,0,train
2868,0,train
2869,0,test
2870,0,validation
2871,0,train
2872,0,train
2873,0,train
2874,0,train
2875,0,validation
2876,0,validation
2877,0,train
2878,0,validation
2879,0,train
2880,0,train
2881,0,train
2882,0,train
2883,0,train
2884,0,train
2885,0,train
2886,0,train
2887,0,validation
2888,0,train
2889,0,train
2890,0,train
2891,0,train
2892,0,train
2893,0,train
2894,0,train
2895,0,train
2896,0,train
2897,0,train
2898,0,train
2899,0,train
2900,0,train
2901,0,train
2902,0,train
2903,0,train
2904,0,train
2905,0,train
2906,0,train
2907,0,train
2908,0,train
2909,0,train
2910,0,train
2911,0,train
2912,0,train
2913,0,train
2914,0,train
2915,0,train
2916,0,train
2917,0,train
2918,0,train
2919,0,train
2920,0,train
2921,0,train
2922,0,train
2923,0,train
2924,0,train
2925,0,train
2926,0,train
2927,0,train
2928,0,train
2929,0,test
2930,0,validation
2931,0,train
2932,0,train
2933,0,train
2934,0,train
2935,0,train
2936,0,train
2937,0,train
2938,0,test
2939,0,train
2940,0,test
2941,0,train
2942,0,train
2943,0,test
2944,0,train
2945,0,train
2946,0,train
2947,0,train
2948,0,train
2949,0,train
2950,0,train
2951,0,train
2952,0,train
2953,0,train
2954,0,train
2955,0,train
2956,0,train
2957,0,train
2958,0,train
2959,0,train
2960,0,train
2961,0,train
2962,0,train
2963,0,train
2964,0,train
2965,0,train
2966,0,train
2967,0,train
2968,0,train
2969,0,train
2970,0,train
2971,0,train
2972,0,train
2973,0,train
2974,0,train
2975,0,train
2976,0,train
2977,0,train
2978,0,train
2979,0,train
2980,0,train
2981,0,test
2982,0,train
2983,0,train
2984,0,train
2985,0,train
2986,0,train
2987,0,train
2988,0,train
2989,0,train
2990,0,train
2991,0,train
2992,0,test
2993,0,train
2994,0,train
2995,0,validation
2996,0,test
2997,0,train
2998,0,train
2999,0,train
3000,0,test
3001,0,test
3002,0,validation
3003,0,test
3004,0,train
3005,0,validation
3006,0,train
3007,0,test
3008,0,test
3009,0,validation
3010,0,train
3011,0,train
3012,0,train
3013,0,train
3014,0,train
3015,0,train
3016,0,train
3017,0,train
3018,0,test
3019,0,test
3020,0,test
3021,0,train
3022,0,validation
3023,0,train
3024,0,train
3025,0,train
3026,0,train
3027,0,train
3028,0,train
3029,0,train
3030,0,train
3031,0,train
3032,0,train
3033,0,train
3034,0,train
3035,0,train
3036,0,train
3037,0,train
3038,0,train
3039,0,train
3040,0,train
3041,0,train
3042,0,train
3043,0,train
3044,0,train
3045,0,train
3046,0,train
3047,0,train
3048,0,train
3049,0,train
3050,0,train
3051,0,train
3052,0,test
3053,0,train
3054,0,validation
3055,0,train
3056,0,train
3057,0,train
3058,0,test
3059,0,train
3060,0,test
3061,0,test
3062,0,train
3063,0,train
3064,0,train
3065,0,train
3066,0,train
3067,0,train
3068,0,train
3069,0,train
3070,0,train
3071,0,train
3072,0,train
3073,0,train
3074,0,train
3075,0,train
3076,0,train
3077,0,train
3078,0,train
3079,0,train
3080,0,train
3081,0,train
3082,0,train
3083,0,train
3084,0,train
3085,0,train
3086,0,train
3087,0,train
3088,0,validation
3089,0,train
3090,0,test
3091,0,train
3092,0,train
3093,0,train
3094,0,train
3095,0,train
3096,0,train
3097,0,train
3098,0,test
3099,0,train
3100,0,validation
3101,0,train
3102,0,train
3103,0,train
3104,0,train
3105,0,train
3106,0,train
3107,0,train
3108,0,train
3109,0,train
3110,0,train
3111,0,train
3112,0,train
3113,0,train
3114,0,validation
3115,0,train
3116,0,train
3117,0,train
3118,0,train
3119,0,train
3120,0,train
3121,0,train
3122,0,train
3123,0,train
3124,0,train
3125,0,train
3126,0,train
3127,0,train
3128,0,train
3129,0,train
3130,0,train
3131,0,train
3132,0,train
3133,0,train
3134,0,validation
3135,0,train
3136,0,train
3137,0,train
3138,0,train
3139,0,train
3140,0,train
3141,0,validation
3142,0,train
3143,0,train
3144,0,train
3145,0,train
3146,0,validation
3147,0,train
3148,0,train
3149,0,train
3150,0,train
3151,0,train
3152,0,train
3153,0,train
3154,0,test
3155,0,train
3156,0,train
3157,0,train
3158,0,train
3159,0,train
3160,0,train
3161,0,train
3162,0,train
3163,0,train
3164,0,test
3165,0,train
3166,0,train
3167,0,train
3168,0,train
3169,0,train
3170,0,train
3171,0,train
3172,0,train
3173,0,train
3174,0,train
3175,0,validation
3176,0,test
3177,0,test
3178,0,train
3179,0,train
3180,0,train
3181,0,train
3182,0,train
3183,0,train
3184,0,test
3185,0,train
3186,0,test
3187,0,train
3188,0,train
3189,0,train
3190,0,test
3191,0,train
3192,0,train
3193,0,train
3194,0,train
3195,0,validation
3196,0,train
3197,0,train
3198,0,train
3199,0,train
3200,0,train
3201,0,train
3202,0,train
3203,0,train
3204,0,train
3205,0,train
3206,0,train
3207,0,train
3208,0,train
3209,0,train
3210,0,train
3211,0,train
3212,0,train
3213,0,train
3214,0,train
3215,0,train
3216,0,train
3217,0,train
3218,0,train
3219,0,train
3220,0,train
3221,0,validation
3222,0,train
3223,0,train
3224,0,train
3225,0,test
3226,0,train
3227,0,train
3228,0,train
3229,0,train
3230,0,train
3231,0,train
3232,0,train
3233,0,train
3234,0,train
3235,0,train
3236,0,train
3237,0,train
3238,0,train
3239,0,train
3240,0,train
3241,0,validation
3242,0,train
3243,0,train
3244,0,train
3245,0,train
3246,0,train
3247,0,train
3248,0,train
3249,0,train
3250,0,train
3251,0,train
3252,0,train
3253,0,validation
3254,0,train
3255,0,validation
3256,0,train
3257,0,train
3258,0,train
3259,0,train
3260,0,train
3261,0,train
3262,0,train
3263,0,train
3264,0,train
3265,0,train
3266,0,train
3267,0,train
3268,0,train
3269,0,train
3270,0,train
3271,0,train
3272,0,train
3273,0,test
3274,0,test
3275,0,test
3276,0,train
3277,0,train
3278,0,train
3279,0,train
3280,0,train
3281,0,train
3282,0,validation
3283,0,validation
3284,0,train
3285,0,train
3286,0,train
3287,0,train
3288,0,validation
3289,0,train
3290,0,train
3291,0,train
3292,0,train
3293,0,validation
3294,0,train
3295,0,train
3296,0,train
3297,0,train
3298,0,train
3299,0,train
3300,0,train
3301,0,train
3302,0,validation
3303,0,train
3304,0,test
3305,0,validation
3306,0,train
3307,0,train
3308,0,validation
3309,0,train
3310,0,train
3311,0,test
3312,0,train
3313,0,train
3314,0,train
3315,0,train
3316,0,train
3317,0,train
3318,0,test
3319,0,test
3320,0,train
3321,0,validation
3322,0,train
3323,0,train
3324,0,test
3325,0,train
3326,0,train
3327,0,train
3328,0,train
3329,0,train
3330,0,train
3331,0,train
3332,0,train
3333,0,train
3334,0,train
3335,0,train
3336,0,train
3337,0,train
3338,0,train
3339,0,train
3340,0,train
3341,0,train
3342,0,train
3343,0,train
3344,0,train
3345,0,train
3346,0,train
3347,0,train
3348,0,test
3349,0,train
3350,0,validation
3351,0,train
3352,0,train
3353,0,validation
3354,0,train
3355,0,train
3356,0,train
3357,0,train
3358,0,train
3359,0,train
3360,0,validation
3361,0,train
3362,0,test
3363,0,test
3364,0,train
3365,0,train
3366,0,train
3367,0,train
3368,0,train
3369,0,train
3370,0,test
3371,0,train
3372,0,validation
3373,0,train
3374,0,train
3375,0,train
3376,0,test
3377,0,train
3378,0,train
3379,0,train
3380,0,train
3381,0,train
3382,0,train
3383,0,train
3384,0,train
3385,0,train
3386,0,train
3387,0,train
3388,0,train
3389,0,train
3390,0,train
3391,0,test
3392,0,train
3393,0,train
3394,0,train
3395,0,test
3396,0,train
3397,0,train
3398,0,train
3399,0,train
3400,0,train
3401,0,train
3402,0,train
3403,0,train
3404,0,train
3405,0,train
3406,0,validation
3407,0,train
3408,0,train
3409,0,train
3410,0,train
3411,0,train
3412,0,train
3413,0,train
3414,0,train
3415,0,train
3416,0,train
3417,0,train
3418,0,train
3419,0,train
3420,0,test
3421,0,train
3422,0,validation
3423,0,train
3424,0,test
3425,0,train
3426,0,train
3427,0,train
3428,0,train
3429,0,train
3430,0,test
3431,0,train
3432,0,train
3433,0,test
3434,0,train
3435,0,test
3436,0,train
3437,0,train
3438,0,train
3439,0,test
3440,0,validation
3441,0,train
3442,0,train
3443,0,test
3444,0,train
3445,0,validation
3446,0,train
3447,0,train
3448,0,train
3449,0,train
3450,0,train
3451,0,validation
3452,0,train
3453,0,train
3454,0,train
3455,0,validation
3456,0,train
3457,0,train
3458,0,train
3459,0,train
3460,0,train
3461,0,train
3462,0,train
3463,0,train
3464,0,validation
3465,0,train
3466,0,train
3467,0,train
3468,0,train
3469,0,train
3470,0,train
3471,0,train
3472,0,train
3473,0,train
3474,0,train
3475,0,train
3476,0,train
3477,0,train
3478,0,train
3479,0,train
3480,0,train
3481,0,train
3482,0,test
3483,0,train
3484,0,train
3485,0,train
3486,0,train
3487,0,test
3488,0,train
3489,0,train
3490,0,test
3491,0,train
3492,0,train
3493,0,train
3494,0,validation
3495,0,train
3496,0,train
3497,0,train
3498,0,train
3499,0,train
3500,0,train
3501,0,train
3502,0,train
3503,0,train
3504,0,validation
3505,0,train
3506,0,train
3507,0,train
3508,0,validation
3509,0,train
3510,0,train
3511,0,train
3512,0,train
3513,0,train
3514,0,test
3515,0,train
3516,0,test
3517,0,train
3518,0,train
3519,0,test
3520,0,train
3521,0,validation
3522,0,train
3523,0,train
3524,0,train
3525,0,validation
3526,0,train
3527,0,train
3528,0,train
3529,0,train
3530,0,train
3531,0,validation
3532,0,validation
3533,0,train
3534,0,train
3535,0,train
3536,0,train
3537,0,train
3538,0,train
3539,0,train
3540,0,train
3541,0,train
3542,0,train
3543,0,train
3544,0,train
3545,0,train
3546,0,train
3547,0,train
3548,0,train
3549,0,train
3550,0,train
3551,0,train
3552,0,train
3553,0,train
3554,0,train
3555,0,train
3556,0,train
3557,0,train
3558,0,train
3559,0,train
3560,0,train
3561,0,train
3562,0,test
3563,0,train
3564,0,train
3565,0,train
3566,0,train
3567,0,train
3568,0,train
3569,0,test
3570,0,train
3571,0,train
3572,0,train
3573,0,train
3574,0,train
3575,0,train
3576,0,train
3577,0,train
3578,0,train
3579,0,validation
3580,0,train
3581,0,train
3582,0,train
3583,0,train
3584,0,train
3585,0,train
3586,0,train
3587,0,train
3588,0,validation
3589,0,validation
3590,0,train
3591,0,validation
3592,0,test
3593,0,train
3594,0,validation
3595,0,validation
3596,0,train
3597,0,train
3598,0,train
3599,0,train
3600,0,test
3601,0,train
3602,0,train
3603,0,train
3604,0,train
3605,0,train
3606,0,train
3607,0,train
3608,0,validation
3609,0,validation
3610,0,validation
3611,0,train
3612,0,train
3613,0,test
3614,0,train
3615,0,train
3616,0,train
3617,0,train
3618,0,train
3619,0,train
3620,0,test
3621,0,train
3622,0,train
3623,0,validation
3624,0,train
3625,0,train
3626,0,train
3627,0,train
3628,0,train
3629,0,train
3630,0,train
3631,0,train
3632,0,train
3633,0,validation
3634,0,train
3635,0,train
3636,0,train
3637,0,train
3638,0,train
3639,0,validation
3640,0,train
3641,0,train
3642,0,train
3643,0,train
3644,0,test
3645,0,train
3646,0,train
3647,0,validation
3648,0,train
3649,0,validation
3650,0,train
3651,0,train
3652,0,train
3653,0,train
3654,0,train
3655,0,validation
3656,0,validation
3657,0,train
3658,0,test
3659,0,test
3660,0,train
3661,0,train
3662,0,validation
3663,0,train
3664,0,train
3665,0,train
3666,0,train
3667,0,train
3668,0,train
3669,0,test
3670,0,train
3671,0,train
3672,0,train
3673,0,test
3674,0,train
3675,0,train
3676,0,train
3677,0,train
3678,0,test
3679,0,train
3680,0,train
3681,0,train
3682,0,train
3683,0,train
3684,0,train
3685,0,train
3686,0,train
3687,0,train
3688,0,train
3689,0,train
3690,0,test
3691,0,train
3692,0,train
3693,0,train
3694,0,train
3695,0,train
3696,0,test
3697,0,test
3698,0,validation
3699,0,train
3700,0,train
3701,0,test
3702,0,train
3703,0,validation
3704,0,train
3705,0,validation
3706,0,train
3707,0,test
3708,0,train
3709,0,test
3710,0,validation
3711,0,train
3712,0,train
3713,0,train
3714,0,train
3715,0,train
3716,0,train
3717,0,train
3718,0,train
3719,0,train
3720,0,train
3721,0,validation
3722,0,train
3723,0,train
3724,0,validation
3725,0,train
3726,0,train
3727,0,validation
3728,0,train
3729,0,train
3730,0,train
3731,0,test
3732,0,train
3733,0,train
3734,0,test
3735,0,train
3736,0,train
3737,0,validation
3738,0,train
3739,0,validation
3740,0,train
3741,0,train
3742,0,train
3743,0,train
3744,0,train
3745,0,train
3746,0,train
3747,0,train
3748,0,train
3749,0,validation
3750,0,train
3751,0,train
3752,0,train
3753,0,train
3754,0,train
3755,0,train
3756,0,train
3757,0,train
3758,0,train
3759,0,train
3760,0,train
3761,0,train
3762,0,train
3763,0,train
3764,0,train
3765,0,train
3766,0,train
3767,0,train
3768,0,train
3769,0,train
3770,0,train
3771,0,train
3772,0,train
3773,0,train
3774,0,validation
3775,0,train
3776,0,test
3777,0,train
3778,0,test
3779,0,train
3780,0,train
3781,0,train
3782,0,train
3783,0,train
3784,0,train
3785,0,train
3786,0,train
3787,0,train
3788,0,train
3789,0,train
3790,0,train
3791,0,validation
3792,0,train
3793,0,train
3794,0,train
3795,0,train
3796,0,train
3797,0,train
3798,0,train
3799,0,train
3800,0,train
3801,0,train
3802,0,train
3803,0,train
3804,0,validation
3805,0,train
3806,0,train
3807,0,train
3808,0,train
3809,0,train
3810,0,train
3811,0,train
3812,0,train
3813,0,validation
3814,0,train
3815,0,validation
3816,0,train
3817,0,train
3818,0,train
3819,0,train
3820,0,validation
3821,0,train
3822,0,train
3823,0,train
3824,0,train
3825,0,train
3826,0,train
3827,0,train
3828,0,train
3829,0,test
3830,0,train
3831,0,train
3832,0,train
3833,0,test
3834,0,validation
3835,0,test
3836,0,train
3837,0,train
3838,0,validation
3839,0,train
3840,0,train
3841,0,validation
3842,0,test
3843,0,test
3844,0,train
3845,0,train
3846,0,train
3847,0,train
3848,0,train
3849,0,train
3850,0,train
3851,0,train
3852,0,train
3853,0,train
3854,0,train
3855,0,test
3856,0,train
3857,0,train
3858,0,train
3859,0,train
3860,0,train
3861,0,train
3862,0,train
3863,0,test
3864,0,train
3865,0,train
3866,0,train
3867,0,train
3868,0,train
3869,0,train
3870,0,train
3871,0,train
3872,0,test
3873,0,train
3874,0,train
3875,0,train
3876,0,train
3877,0,train
3878,0,train
3879,0,train
3880,0,train
3881,0,train
3882,0,train
3883,0,train
3884,0,train
3885,0,train
3886,0,validation
3887,0,train
3888,0,train
3889,0,train
3890,0,train
3891,0,train
3892,0,train
3893,0,train
3894,0,train
3895,0,train
3896,0,train
3897,0,validation
3898,0,train
3899,0,train
3900,0,validation
3901,0,train
3902,0,train
3903,0,train
3904,0,train
3905,0,train
3906,0,validation
3907,0,train
3908,0,train
3909,0,train
3910,0,test
3911,0,train
3912,0,train
3913,0,train
3914,0,train
3915,0,train
3916,0,train
3917,0,train
3918,0,train
3919,0,train
3920,0,train
3921,0,train
3922,0,train
3923,0,train
3924,0,train
3925,0,train
3926,0,train
3927,0,train
3928,0,train
3929,0,train
3930,0,train
3931,0,train
3932,0,train
3933,0,train
3934,0,train
3935,0,train
3936,0,train
3937,0,train
3938,0,train
3939,0,train
3940,0,test
3941,0,train
3942,0,train
3943,0,train
3944,0,train
3945,0,train
3946,0,train
3947,0,train
3948,0,train
3949,0,train
3950,0,test
3951,0,train
3952,0,train
3953,0,train
3954,0,train
3955,0,train
3956,0,train
3957,0,validation
3958,0,train
3959,0,train
3960,0,train
3961,0,train
3962,0,train
3963,0,test
3964,0,train
3965,0,train
3966,0,validation
3967,0,train
3968,0,train
3969,0,train
3970,0,train
3971,0,train
3972,0,validation
3973,0,train
3974,0,validation
3975,0,train
3976,0,train
3977,0,train
3978,0,train
3979,0,train
3980,0,train
3981,0,train
3982,0,train
3983,0,train
3984,0,train
3985,0,train
3986,0,train
3987,0,test
3988,0,train
3989,0,train
3990,0,validation
3991,0,train
3992,0,train
3993,0,train
3994,0,train
3995,0,train
3996,0,train
3997,0,train
3998,0,train
3999,0,train
4000,0,train
4001,0,train
4002,0,train
4003,0,train
4004,0,train
4005,0,train
4006,0,train
4007,0,train
4008,0,train
4009,0,train
4010,0,train
4011,0,train
4012,0,train
4013,0,train
4014,0,train
4015,0,train
4016,0,validation
4017,0,train
4018,0,train
4019,0,train
4020,0,train
4021,0,train
4022,0,train
4023,0,train
4024,0,train
4025,0,train
4026,0,validation
4027,0,train
4028,0,train
4029,0,train
4030,0,train
4031,0,train
4032,0,train
4033,0,train
4034,0,train
4035,0,train
4036,0,train
4037,0,train
4038,0,train
4039,0,train
4040,0,train
4041,0,train
4042,0,validation
4043,0,validation
4044,0,train
4045,0,validation
4046,0,train
4047,0,train
4048,0,train
4049,0,test
4050,0,validation
4051,0,train
4052,0,train
4053,0,train
4054,0,validation
4055,0,test
4056,0,train
4057,0,validation
4058,0,train
4059,0,validation
4060,0,test
4061,0,validation
4062,0,train
4063,0,train
4064,0,train
4065,0,train
4066,0,train
4067,0,validation
4068,0,validation
4069,0,validation
4070,0,validation
4071,0,train
4072,0,validation
4073,0,validation
4074,0,train
