role,smiles,node_index,atom_label,atom_symbol,is_aromatic,in_ring,importance_raw,importance_normalized
confident_true_positive,COc1cc(N)c(Cl)cc1C(=O)CCC1CCN(CC2CCCCC2C)CC1,2,C2,C,True,True,3.4164934158325195,1.0
confident_true_positive,COc1cc(N)c(Cl)cc1C(=O)CCC1CCN(CC2CCCCC2C)CC1,19,C19,C,False,True,3.3894150257110596,0.9811129169023222
confident_true_positive,COc1cc(N)c(Cl)cc1C(=O)CCC1CCN(CC2CCCCC2C)CC1,3,C3,C,True,True,3.31583833694458,0.9297934319347441
confident_true_positive,COc1cc(N)c(Cl)cc1C(=O)CCC1CCN(CC2CCCCC2C)CC1,5,N5,N,False,False,3.305813789367676,0.9228013448035536
confident_true_positive,COc1cc(N)c(Cl)cc1C(=O)CCC1CCN(CC2CCCCC2C)CC1,24,C24,C,False,True,3.292487859725952,0.9135065551440466
confident_true_positive,COc1cc(N)c(Cl)cc1C(=O)CCC1CCN(CC2CCCCC2C)CC1,9,C9,C,True,True,3.235574722290039,0.8738098393762299
confident_true_positive,COc1cc(N)c(Cl)cc1C(=O)CCC1CCN(CC2CCCCC2C)CC1,13,C13,C,False,False,3.0424373149871826,0.7390971683261081
confident_true_positive,COc1cc(N)c(Cl)cc1C(=O)CCC1CCN(CC2CCCCC2C)CC1,16,C16,C,False,True,2.9116268157958984,0.6478572992942891
confident_true_positive,COc1cc(N)c(Cl)cc1C(=O)CCC1CCN(CC2CCCCC2C)CC1,8,C8,C,True,True,2.9013867378234863,0.6407148804605205
confident_true_positive,COc1cc(N)c(Cl)cc1C(=O)CCC1CCN(CC2CCCCC2C)CC1,7,Cl7,Cl,False,False,2.8605544567108154,0.6122345061478848
confident_true_positive,COc1cc(N)c(Cl)cc1C(=O)CCC1CCN(CC2CCCCC2C)CC1,6,C6,C,True,True,2.8212456703186035,0.584816764113428
confident_true_positive,COc1cc(N)c(Cl)cc1C(=O)CCC1CCN(CC2CCCCC2C)CC1,26,C26,C,False,True,2.808102607727051,0.5756495235865287
confident_true_positive,COc1cc(N)c(Cl)cc1C(=O)CCC1CCN(CC2CCCCC2C)CC1,25,C25,C,False,False,2.7526750564575195,0.5369889990120347
confident_true_positive,COc1cc(N)c(Cl)cc1C(=O)CCC1CCN(CC2CCCCC2C)CC1,0,C0,C,False,False,2.732114791870117,0.5226482858444244
confident_true_positive,COc1cc(N)c(Cl)cc1C(=O)CCC1CCN(CC2CCCCC2C)CC1,11,O11,O,False,False,2.7283804416656494,0.5200435895419023
confident_true_positive,COc1cc(N)c(Cl)cc1C(=O)CCC1CCN(CC2CCCCC2C)CC1,15,C15,C,False,True,2.7103097438812256,0.5074393405759733
confident_true_positive,COc1cc(N)c(Cl)cc1C(=O)CCC1CCN(CC2CCCCC2C)CC1,10,C10,C,False,False,2.701749086380005,0.501468311690169
confident_true_positive,COc1cc(N)c(Cl)cc1C(=O)CCC1CCN(CC2CCCCC2C)CC1,4,C4,C,True,True,2.6873950958251953,0.49145645311305525
confident_true_positive,COc1cc(N)c(Cl)cc1C(=O)CCC1CCN(CC2CCCCC2C)CC1,22,C22,C,False,True,2.6192286014556885,0.44391055995399586
confident_true_positive,COc1cc(N)c(Cl)cc1C(=O)CCC1CCN(CC2CCCCC2C)CC1,20,C20,C,False,True,2.583226203918457,0.41879901266661
confident_true_positive,COc1cc(N)c(Cl)cc1C(=O)CCC1CCN(CC2CCCCC2C)CC1,14,C14,C,False,True,2.5798912048339844,0.4164728623837985
confident_true_positive,COc1cc(N)c(Cl)cc1C(=O)CCC1CCN(CC2CCCCC2C)CC1,21,C21,C,False,True,2.571136474609375,0.4103664684472215
confident_true_positive,COc1cc(N)c(Cl)cc1C(=O)CCC1CCN(CC2CCCCC2C)CC1,18,C18,C,False,False,2.4773926734924316,0.34498049263233305
confident_true_positive,COc1cc(N)c(Cl)cc1C(=O)CCC1CCN(CC2CCCCC2C)CC1,27,C27,C,False,True,2.475038766860962,0.3433386509292877
confident_true_positive,COc1cc(N)c(Cl)cc1C(=O)CCC1CCN(CC2CCCCC2C)CC1,23,C23,C,False,True,2.4213955402374268,0.30592268660047306
confident_true_positive,COc1cc(N)c(Cl)cc1C(=O)CCC1CCN(CC2CCCCC2C)CC1,12,C12,C,False,False,2.384694814682007,0.2803240579448891
confident_true_positive,COc1cc(N)c(Cl)cc1C(=O)CCC1CCN(CC2CCCCC2C)CC1,17,N17,N,False,True,2.3728127479553223,0.27203635765575007
confident_true_positive,COc1cc(N)c(Cl)cc1C(=O)CCC1CCN(CC2CCCCC2C)CC1,1,O1,O,False,False,1.9827945232391357,0.0
confident_true_negative,CC(C)N(CP(=O)(O)O)CP(=O)(O)O,0,C0,C,False,False,0.7760180830955505,1.0
confident_true_negative,CC(C)N(CP(=O)(O)O)CP(=O)(O)O,11,O11,O,False,False,0.7414546012878418,0.6433065736937836
confident_true_negative,CC(C)N(CP(=O)(O)O)CP(=O)(O)O,12,O12,O,False,False,0.7382148504257202,0.6098725047010316
confident_true_negative,CC(C)N(CP(=O)(O)O)CP(=O)(O)O,9,C9,C,False,False,0.7325292229652405,0.5511971099343239
confident_true_negative,CC(C)N(CP(=O)(O)O)CP(=O)(O)O,1,C1,C,False,False,0.7322816252708435,0.5486419139488234
confident_true_negative,CC(C)N(CP(=O)(O)O)CP(=O)(O)O,10,P10,P,False,False,0.7186232209205627,0.40768785519161815
confident_true_negative,CC(C)N(CP(=O)(O)O)CP(=O)(O)O,3,N3,N,False,False,0.7082698941230774,0.3008420336505902
confident_true_negative,CC(C)N(CP(=O)(O)O)CP(=O)(O)O,2,C2,C,False,False,0.7077351808547974,0.29532381911377636
confident_true_negative,CC(C)N(CP(=O)(O)O)CP(=O)(O)O,4,C4,C,False,False,0.7033877372741699,0.2504584159384194
confident_true_negative,CC(C)N(CP(=O)(O)O)CP(=O)(O)O,5,P5,P,False,False,0.7005215883255005,0.22087990025262855
confident_true_negative,CC(C)N(CP(=O)(O)O)CP(=O)(O)O,7,O7,O,False,False,0.6984224319458008,0.19921671002216265
confident_true_negative,CC(C)N(CP(=O)(O)O)CP(=O)(O)O,6,O6,O,False,False,0.6921316385269165,0.13429603243388877
confident_true_negative,CC(C)N(CP(=O)(O)O)CP(=O)(O)O,13,O13,O,False,False,0.6806725263595581,0.01603856045400555
confident_true_negative,CC(C)N(CP(=O)(O)O)CP(=O)(O)O,8,O8,O,False,False,0.6791183948516846,0.0
false_positive,CC[N+](CC)(CC)CCOc1cc(OCC[N+](CC)(CC)CC)c(C(=O)NCCCCCC(=O)NNc2c3c(nc4ccccc24)CCCC3)cc1OCC[N+](CC)(CC)CC,15,C15,C,False,False,3.7763686180114746,1.0
false_positive,CC[N+](CC)(CC)CCOc1cc(OCC[N+](CC)(CC)CC)c(C(=O)NCCCCCC(=O)NNc2c3c(nc4ccccc24)CCCC3)cc1OCC[N+](CC)(CC)CC,54,C54,C,False,False,3.7591774463653564,0.9927283006511098
false_positive,CC[N+](CC)(CC)CCOc1cc(OCC[N+](CC)(CC)CC)c(C(=O)NCCCCCC(=O)NNc2c3c(nc4ccccc24)CCCC3)cc1OCC[N+](CC)(CC)CC,37,C37,C,True,True,3.657963752746582,0.9499158870974004
false_positive,CC[N+](CC)(CC)CCOc1cc(OCC[N+](CC)(CC)CC)c(C(=O)NCCCCCC(=O)NNc2c3c(nc4ccccc24)CCCC3)cc1OCC[N+](CC)(CC)CC,7,C7,C,False,False,3.532998561859131,0.897056819901977
false_positive,CC[N+](CC)(CC)CCOc1cc(OCC[N+](CC)(CC)CC)c(C(=O)NCCCCCC(=O)NNc2c3c(nc4ccccc24)CCCC3)cc1OCC[N+](CC)(CC)CC,43,C43,C,True,True,3.4757189750671387,0.8728281086451686
false_positive,CC[N+](CC)(CC)CCOc1cc(OCC[N+](CC)(CC)CC)c(C(=O)NCCCCCC(=O)NNc2c3c(nc4ccccc24)CCCC3)cc1OCC[N+](CC)(CC)CC,58,C58,C,False,False,3.449150323867798,0.861589826135741
false_positive,CC[N+](CC)(CC)CCOc1cc(OCC[N+](CC)(CC)CC)c(C(=O)NCCCCCC(=O)NNc2c3c(nc4ccccc24)CCCC3)cc1OCC[N+](CC)(CC)CC,41,C41,C,True,True,3.43461275100708,0.8554405734098749
false_positive,CC[N+](CC)(CC)CCOc1cc(OCC[N+](CC)(CC)CC)c(C(=O)NCCCCCC(=O)NNc2c3c(nc4ccccc24)CCCC3)cc1OCC[N+](CC)(CC)CC,36,C36,C,True,True,3.3997631072998047,0.8406995111558386
false_positive,CC[N+](CC)(CC)CCOc1cc(OCC[N+](CC)(CC)CC)c(C(=O)NCCCCCC(=O)NNc2c3c(nc4ccccc24)CCCC3)cc1OCC[N+](CC)(CC)CC,10,C10,C,True,True,3.395864486694336,0.8390504323436474
false_positive,CC[N+](CC)(CC)CCOc1cc(OCC[N+](CC)(CC)CC)c(C(=O)NCCCCCC(=O)NNc2c3c(nc4ccccc24)CCCC3)cc1OCC[N+](CC)(CC)CC,0,C0,C,False,False,3.343637466430664,0.8169589078644782
false_positive,CC[N+](CC)(CC)CCOc1cc(OCC[N+](CC)(CC)CC)c(C(=O)NCCCCCC(=O)NNc2c3c(nc4ccccc24)CCCC3)cc1OCC[N+](CC)(CC)CC,1,C1,C,False,False,3.2760090827941895,0.7883527556266293
false_positive,CC[N+](CC)(CC)CCOc1cc(OCC[N+](CC)(CC)CC)c(C(=O)NCCCCCC(=O)NNc2c3c(nc4ccccc24)CCCC3)cc1OCC[N+](CC)(CC)CC,51,C51,C,True,True,3.270073175430298,0.7858419242184146
false_positive,CC[N+](CC)(CC)CCOc1cc(OCC[N+](CC)(CC)CC)c(C(=O)NCCCCCC(=O)NNc2c3c(nc4ccccc24)CCCC3)cc1OCC[N+](CC)(CC)CC,40,C40,C,True,True,3.2567920684814453,0.7802241444218689
false_positive,CC[N+](CC)(CC)CCOc1cc(OCC[N+](CC)(CC)CC)c(C(=O)NCCCCCC(=O)NNc2c3c(nc4ccccc24)CCCC3)cc1OCC[N+](CC)(CC)CC,60,C60,C,False,False,3.24273419380188,0.7742777993874245
false_positive,CC[N+](CC)(CC)CCOc1cc(OCC[N+](CC)(CC)CC)c(C(=O)NCCCCCC(=O)NNc2c3c(nc4ccccc24)CCCC3)cc1OCC[N+](CC)(CC)CC,56,C56,C,False,False,3.238826036453247,0.7726246866251055
false_positive,CC[N+](CC)(CC)CCOc1cc(OCC[N+](CC)(CC)CC)c(C(=O)NCCCCCC(=O)NNc2c3c(nc4ccccc24)CCCC3)cc1OCC[N+](CC)(CC)CC,23,C23,C,True,True,3.2198243141174316,0.7645871418444773
false_positive,CC[N+](CC)(CC)CCOc1cc(OCC[N+](CC)(CC)CC)c(C(=O)NCCCCCC(=O)NNc2c3c(nc4ccccc24)CCCC3)cc1OCC[N+](CC)(CC)CC,17,C17,C,False,False,3.214263916015625,0.7622351472225396
false_positive,CC[N+](CC)(CC)CCOc1cc(OCC[N+](CC)(CC)CC)c(C(=O)NCCCCCC(=O)NNc2c3c(nc4ccccc24)CCCC3)cc1OCC[N+](CC)(CC)CC,21,C21,C,False,False,3.201613187789917,0.7568840115294329
false_positive,CC[N+](CC)(CC)CCOc1cc(OCC[N+](CC)(CC)CC)c(C(=O)NCCCCCC(=O)NNc2c3c(nc4ccccc24)CCCC3)cc1OCC[N+](CC)(CC)CC,27,C27,C,False,False,3.1819558143615723,0.7485691326775273
false_positive,CC[N+](CC)(CC)CCOc1cc(OCC[N+](CC)(CC)CC)c(C(=O)NCCCCCC(=O)NNc2c3c(nc4ccccc24)CCCC3)cc1OCC[N+](CC)(CC)CC,57,C57,C,False,False,3.1775448322296143,0.746703329894727
false_positive,CC[N+](CC)(CC)CCOc1cc(OCC[N+](CC)(CC)CC)c(C(=O)NCCCCCC(=O)NNc2c3c(nc4ccccc24)CCCC3)cc1OCC[N+](CC)(CC)CC,12,C12,C,True,True,3.169950485229492,0.7434909945593107
false_positive,CC[N+](CC)(CC)CCOc1cc(OCC[N+](CC)(CC)CC)c(C(=O)NCCCCCC(=O)NNc2c3c(nc4ccccc24)CCCC3)cc1OCC[N+](CC)(CC)CC,4,C4,C,False,False,3.167250156402588,0.742348781580661
false_positive,CC[N+](CC)(CC)CCOc1cc(OCC[N+](CC)(CC)CC)c(C(=O)NCCCCCC(=O)NNc2c3c(nc4ccccc24)CCCC3)cc1OCC[N+](CC)(CC)CC,61,C61,C,False,False,3.15084171295166,0.7354081686884992
false_positive,CC[N+](CC)(CC)CCOc1cc(OCC[N+](CC)(CC)CC)c(C(=O)NCCCCCC(=O)NNc2c3c(nc4ccccc24)CCCC3)cc1OCC[N+](CC)(CC)CC,6,C6,C,False,False,3.1418755054473877,0.7316155496272176
false_positive,CC[N+](CC)(CC)CCOc1cc(OCC[N+](CC)(CC)CC)c(C(=O)NCCCCCC(=O)NNc2c3c(nc4ccccc24)CCCC3)cc1OCC[N+](CC)(CC)CC,18,C18,C,False,False,3.1360650062561035,0.7291577646631818
false_positive,CC[N+](CC)(CC)CCOc1cc(OCC[N+](CC)(CC)CC)c(C(=O)NCCCCCC(=O)NNc2c3c(nc4ccccc24)CCCC3)cc1OCC[N+](CC)(CC)CC,3,C3,C,False,False,3.1326372623443604,0.7277078621385442
false_positive,CC[N+](CC)(CC)CCOc1cc(OCC[N+](CC)(CC)CC)c(C(=O)NCCCCCC(=O)NNc2c3c(nc4ccccc24)CCCC3)cc1OCC[N+](CC)(CC)CC,19,C19,C,False,False,3.13128399848938,0.7271354446154279
false_positive,CC[N+](CC)(CC)CCOc1cc(OCC[N+](CC)(CC)CC)c(C(=O)NCCCCCC(=O)NNc2c3c(nc4ccccc24)CCCC3)cc1OCC[N+](CC)(CC)CC,22,C22,C,False,False,3.109086036682129,0.7177459214495112
false_positive,CC[N+](CC)(CC)CCOc1cc(OCC[N+](CC)(CC)CC)c(C(=O)NCCCCCC(=O)NNc2c3c(nc4ccccc24)CCCC3)cc1OCC[N+](CC)(CC)CC,5,C5,C,False,False,3.0951895713806152,0.7118678510209776
false_positive,CC[N+](CC)(CC)CCOc1cc(OCC[N+](CC)(CC)CC)c(C(=O)NCCCCCC(=O)NNc2c3c(nc4ccccc24)CCCC3)cc1OCC[N+](CC)(CC)CC,42,C42,C,True,True,3.0798256397247314,0.7053690565165489
false_positive,CC[N+](CC)(CC)CCOc1cc(OCC[N+](CC)(CC)CC)c(C(=O)NCCCCCC(=O)NNc2c3c(nc4ccccc24)CCCC3)cc1OCC[N+](CC)(CC)CC,29,C29,C,False,False,3.079282760620117,0.7051394239055313
false_positive,CC[N+](CC)(CC)CCOc1cc(OCC[N+](CC)(CC)CC)c(C(=O)NCCCCCC(=O)NNc2c3c(nc4ccccc24)CCCC3)cc1OCC[N+](CC)(CC)CC,28,C28,C,False,False,3.0790350437164307,0.7050346420509651
false_positive,CC[N+](CC)(CC)CCOc1cc(OCC[N+](CC)(CC)CC)c(C(=O)NCCCCCC(=O)NNc2c3c(nc4ccccc24)CCCC3)cc1OCC[N+](CC)(CC)CC,20,C20,C,False,False,3.07865571975708,0.704874191684637
false_positive,CC[N+](CC)(CC)CCOc1cc(OCC[N+](CC)(CC)CC)c(C(=O)NCCCCCC(=O)NNc2c3c(nc4ccccc24)CCCC3)cc1OCC[N+](CC)(CC)CC,38,C38,C,True,True,3.050727605819702,0.6930608695845102
false_positive,CC[N+](CC)(CC)CCOc1cc(OCC[N+](CC)(CC)CC)c(C(=O)NCCCCCC(=O)NNc2c3c(nc4ccccc24)CCCC3)cc1OCC[N+](CC)(CC)CC,45,C45,C,True,True,3.032472610473633,0.6853391830988784
false_positive,CC[N+](CC)(CC)CCOc1cc(OCC[N+](CC)(CC)CC)c(C(=O)NCCCCCC(=O)NNc2c3c(nc4ccccc24)CCCC3)cc1OCC[N+](CC)(CC)CC,59,C59,C,False,False,3.003009557723999,0.6728765967257032
false_positive,CC[N+](CC)(CC)CCOc1cc(OCC[N+](CC)(CC)CC)c(C(=O)NCCCCCC(=O)NNc2c3c(nc4ccccc24)CCCC3)cc1OCC[N+](CC)(CC)CC,31,C31,C,False,False,2.9774529933929443,0.6620664171735745
false_positive,CC[N+](CC)(CC)CCOc1cc(OCC[N+](CC)(CC)CC)c(C(=O)NCCCCCC(=O)NNc2c3c(nc4ccccc24)CCCC3)cc1OCC[N+](CC)(CC)CC,24,C24,C,False,False,2.9750516414642334,0.6610506685314274
false_positive,CC[N+](CC)(CC)CCOc1cc(OCC[N+](CC)(CC)CC)c(C(=O)NCCCCCC(=O)NNc2c3c(nc4ccccc24)CCCC3)cc1OCC[N+](CC)(CC)CC,2,N2,N,False,False,2.9526000022888184,0.6515538422921147
false_positive,CC[N+](CC)(CC)CCOc1cc(OCC[N+](CC)(CC)CC)c(C(=O)NCCCCCC(=O)NNc2c3c(nc4ccccc24)CCCC3)cc1OCC[N+](CC)(CC)CC,44,C44,C,True,True,2.903273105621338,0.6306890420467698
false_positive,CC[N+](CC)(CC)CCOc1cc(OCC[N+](CC)(CC)CC)c(C(=O)NCCCCCC(=O)NNc2c3c(nc4ccccc24)CCCC3)cc1OCC[N+](CC)(CC)CC,47,C47,C,False,True,2.8351030349731445,0.6018537614416692
false_positive,CC[N+](CC)(CC)CCOc1cc(OCC[N+](CC)(CC)CC)c(C(=O)NCCCCCC(=O)NNc2c3c(nc4ccccc24)CCCC3)cc1OCC[N+](CC)(CC)CC,46,C46,C,False,True,2.8349826335906982,0.6018028328213074
false_positive,CC[N+](CC)(CC)CCOc1cc(OCC[N+](CC)(CC)CC)c(C(=O)NCCCCCC(=O)NNc2c3c(nc4ccccc24)CCCC3)cc1OCC[N+](CC)(CC)CC,30,C30,C,False,False,2.7908430099487305,0.5831321988991551
false_positive,CC[N+](CC)(CC)CCOc1cc(OCC[N+](CC)(CC)CC)c(C(=O)NCCCCCC(=O)NNc2c3c(nc4ccccc24)CCCC3)cc1OCC[N+](CC)(CC)CC,48,C48,C,False,True,2.7582101821899414,0.5693288283522957
false_positive,CC[N+](CC)(CC)CCOc1cc(OCC[N+](CC)(CC)CC)c(C(=O)NCCCCCC(=O)NNc2c3c(nc4ccccc24)CCCC3)cc1OCC[N+](CC)(CC)CC,50,C50,C,True,True,2.731661319732666,0.5580989162893831
false_positive,CC[N+](CC)(CC)CCOc1cc(OCC[N+](CC)(CC)CC)c(C(=O)NCCCCCC(=O)NNc2c3c(nc4ccccc24)CCCC3)cc1OCC[N+](CC)(CC)CC,11,C11,C,True,True,2.728616237640381,0.5568108760136182
false_positive,CC[N+](CC)(CC)CCOc1cc(OCC[N+](CC)(CC)CC)c(C(=O)NCCCCCC(=O)NNc2c3c(nc4ccccc24)CCCC3)cc1OCC[N+](CC)(CC)CC,16,N16,N,False,False,2.6407294273376465,0.5196356052170673
false_positive,CC[N+](CC)(CC)CCOc1cc(OCC[N+](CC)(CC)CC)c(C(=O)NCCCCCC(=O)NNc2c3c(nc4ccccc24)CCCC3)cc1OCC[N+](CC)(CC)CC,55,N55,N,False,False,2.633798122406006,0.5167037302642772
false_positive,CC[N+](CC)(CC)CCOc1cc(OCC[N+](CC)(CC)CC)c(C(=O)NCCCCCC(=O)NNc2c3c(nc4ccccc24)CCCC3)cc1OCC[N+](CC)(CC)CC,32,C32,C,False,False,2.6027398109436035,0.503566364883496
false_positive,CC[N+](CC)(CC)CCOc1cc(OCC[N+](CC)(CC)CC)c(C(=O)NCCCCCC(=O)NNc2c3c(nc4ccccc24)CCCC3)cc1OCC[N+](CC)(CC)CC,49,C49,C,False,True,2.5849127769470215,0.4960257019098434
false_positive,CC[N+](CC)(CC)CCOc1cc(OCC[N+](CC)(CC)CC)c(C(=O)NCCCCCC(=O)NNc2c3c(nc4ccccc24)CCCC3)cc1OCC[N+](CC)(CC)CC,25,O25,O,False,False,2.5831563472747803,0.4952827491450799
false_positive,CC[N+](CC)(CC)CCOc1cc(OCC[N+](CC)(CC)CC)c(C(=O)NCCCCCC(=O)NNc2c3c(nc4ccccc24)CCCC3)cc1OCC[N+](CC)(CC)CC,14,C14,C,False,False,2.5739407539367676,0.4913846422879597
false_positive,CC[N+](CC)(CC)CCOc1cc(OCC[N+](CC)(CC)CC)c(C(=O)NCCCCCC(=O)NNc2c3c(nc4ccccc24)CCCC3)cc1OCC[N+](CC)(CC)CC,8,C8,C,False,False,2.540435314178467,0.4772121653044185
false_positive,CC[N+](CC)(CC)CCOc1cc(OCC[N+](CC)(CC)CC)c(C(=O)NCCCCCC(=O)NNc2c3c(nc4ccccc24)CCCC3)cc1OCC[N+](CC)(CC)CC,33,O33,O,False,False,2.481931686401367,0.4524656965487237
false_positive,CC[N+](CC)(CC)CCOc1cc(OCC[N+](CC)(CC)CC)c(C(=O)NCCCCCC(=O)NNc2c3c(nc4ccccc24)CCCC3)cc1OCC[N+](CC)(CC)CC,53,C53,C,False,False,2.459176540374756,0.44284048984659796
false_positive,CC[N+](CC)(CC)CCOc1cc(OCC[N+](CC)(CC)CC)c(C(=O)NCCCCCC(=O)NNc2c3c(nc4ccccc24)CCCC3)cc1OCC[N+](CC)(CC)CC,39,N39,N,True,True,2.4361939430236816,0.43311907343392725
false_positive,CC[N+](CC)(CC)CCOc1cc(OCC[N+](CC)(CC)CC)c(C(=O)NCCCCCC(=O)NNc2c3c(nc4ccccc24)CCCC3)cc1OCC[N+](CC)(CC)CC,34,N34,N,False,False,2.1063613891601562,0.2936030929909209
false_positive,CC[N+](CC)(CC)CCOc1cc(OCC[N+](CC)(CC)CC)c(C(=O)NCCCCCC(=O)NNc2c3c(nc4ccccc24)CCCC3)cc1OCC[N+](CC)(CC)CC,26,N26,N,False,False,2.0586400032043457,0.2734174082495692
false_positive,CC[N+](CC)(CC)CCOc1cc(OCC[N+](CC)(CC)CC)c(C(=O)NCCCCCC(=O)NNc2c3c(nc4ccccc24)CCCC3)cc1OCC[N+](CC)(CC)CC,9,O9,O,False,False,1.8259704113006592,0.17500042104354457
false_positive,CC[N+](CC)(CC)CCOc1cc(OCC[N+](CC)(CC)CC)c(C(=O)NCCCCCC(=O)NNc2c3c(nc4ccccc24)CCCC3)cc1OCC[N+](CC)(CC)CC,52,O52,O,False,False,1.7980809211730957,0.16320343644143476
false_positive,CC[N+](CC)(CC)CCOc1cc(OCC[N+](CC)(CC)CC)c(C(=O)NCCCCCC(=O)NNc2c3c(nc4ccccc24)CCCC3)cc1OCC[N+](CC)(CC)CC,13,O13,O,False,False,1.699844479560852,0.12165037169320721
false_positive,CC[N+](CC)(CC)CCOc1cc(OCC[N+](CC)(CC)CC)c(C(=O)NCCCCCC(=O)NNc2c3c(nc4ccccc24)CCCC3)cc1OCC[N+](CC)(CC)CC,35,N35,N,False,False,1.4122483730316162,0.0
false_negative,Cc1cc[n+](C/C=C/C[n+]2ccc(C)cc2)cc1,4,N4,N,True,True,1.0131042003631592,1.0
false_negative,Cc1cc[n+](C/C=C/C[n+]2ccc(C)cc2)cc1,9,N9,N,True,True,1.000075340270996,0.95962668331434
false_negative,Cc1cc[n+](C/C=C/C[n+]2ccc(C)cc2)cc1,3,C3,C,True,True,0.8968124985694885,0.6396398709312785
false_negative,Cc1cc[n+](C/C=C/C[n+]2ccc(C)cc2)cc1,10,C10,C,True,True,0.8574035167694092,0.517520875775973
false_negative,Cc1cc[n+](C/C=C/C[n+]2ccc(C)cc2)cc1,16,C16,C,True,True,0.8520127534866333,0.5008161915861526
false_negative,Cc1cc[n+](C/C=C/C[n+]2ccc(C)cc2)cc1,15,C15,C,True,True,0.8517175912857056,0.4999015546242545
false_negative,Cc1cc[n+](C/C=C/C[n+]2ccc(C)cc2)cc1,17,C17,C,True,True,0.8503320813179016,0.49560819109854326
false_negative,Cc1cc[n+](C/C=C/C[n+]2ccc(C)cc2)cc1,1,C1,C,True,True,0.8440711498260498,0.4762070640559864
false_negative,Cc1cc[n+](C/C=C/C[n+]2ccc(C)cc2)cc1,2,C2,C,True,True,0.8393912315368652,0.46170511823603616
false_negative,Cc1cc[n+](C/C=C/C[n+]2ccc(C)cc2)cc1,14,C14,C,True,True,0.8377999067306519,0.4567739838239287
false_negative,Cc1cc[n+](C/C=C/C[n+]2ccc(C)cc2)cc1,12,C12,C,True,True,0.8365632891654968,0.45294200219054814
false_negative,Cc1cc[n+](C/C=C/C[n+]2ccc(C)cc2)cc1,11,C11,C,True,True,0.7997366189956665,0.33882497224874725
false_negative,Cc1cc[n+](C/C=C/C[n+]2ccc(C)cc2)cc1,0,C0,C,False,False,0.7760196328163147,0.2653317128941278
false_negative,Cc1cc[n+](C/C=C/C[n+]2ccc(C)cc2)cc1,6,C6,C,False,False,0.7183138132095337,0.086515199929075
false_negative,Cc1cc[n+](C/C=C/C[n+]2ccc(C)cc2)cc1,13,C13,C,False,False,0.718055009841919,0.08571323028275803
false_negative,Cc1cc[n+](C/C=C/C[n+]2ccc(C)cc2)cc1,8,C8,C,False,False,0.7112396955490112,0.06459420372836465
false_negative,Cc1cc[n+](C/C=C/C[n+]2ccc(C)cc2)cc1,7,C7,C,False,False,0.6921542882919312,0.005453098074127706
false_negative,Cc1cc[n+](C/C=C/C[n+]2ccc(C)cc2)cc1,5,C5,C,False,False,0.6903945207595825,0.0
historical_case_study,COc1cccc(CN2CCC(/C=C3\Cc4cccc(OC)c4C3=O)CC2)c1,4,C4,C,True,True,3.6770503520965576,1.0
historical_case_study,COc1cccc(CN2CCC(/C=C3\Cc4cccc(OC)c4C3=O)CC2)c1,17,C17,C,True,True,3.6728482246398926,0.9978568364303516
historical_case_study,COc1cccc(CN2CCC(/C=C3\Cc4cccc(OC)c4C3=O)CC2)c1,5,C5,C,True,True,3.607800245285034,0.9646811507639269
historical_case_study,COc1cccc(CN2CCC(/C=C3\Cc4cccc(OC)c4C3=O)CC2)c1,27,C27,C,True,True,3.4823219776153564,0.9006848881979964
historical_case_study,COc1cccc(CN2CCC(/C=C3\Cc4cccc(OC)c4C3=O)CC2)c1,22,C22,C,True,True,3.4485249519348145,0.883447773201372
historical_case_study,COc1cccc(CN2CCC(/C=C3\Cc4cccc(OC)c4C3=O)CC2)c1,3,C3,C,True,True,3.3717586994171143,0.8442955491265377
historical_case_study,COc1cccc(CN2CCC(/C=C3\Cc4cccc(OC)c4C3=O)CC2)c1,16,C16,C,True,True,3.3227999210357666,0.8193256567747559
historical_case_study,COc1cccc(CN2CCC(/C=C3\Cc4cccc(OC)c4C3=O)CC2)c1,18,C18,C,True,True,3.194066047668457,0.7536689744333049
historical_case_study,COc1cccc(CN2CCC(/C=C3\Cc4cccc(OC)c4C3=O)CC2)c1,2,C2,C,True,True,3.1133334636688232,0.7124938471445887
historical_case_study,COc1cccc(CN2CCC(/C=C3\Cc4cccc(OC)c4C3=O)CC2)c1,23,C23,C,False,True,3.0411386489868164,0.6756731418376658
historical_case_study,COc1cccc(CN2CCC(/C=C3\Cc4cccc(OC)c4C3=O)CC2)c1,26,C26,C,False,True,2.98712158203125,0.6481234277387259
historical_case_study,COc1cccc(CN2CCC(/C=C3\Cc4cccc(OC)c4C3=O)CC2)c1,9,C9,C,False,True,2.945770502090454,0.6270336038319886
historical_case_study,COc1cccc(CN2CCC(/C=C3\Cc4cccc(OC)c4C3=O)CC2)c1,19,C19,C,True,True,2.872204065322876,0.5895133456163458
historical_case_study,COc1cccc(CN2CCC(/C=C3\Cc4cccc(OC)c4C3=O)CC2)c1,0,C0,C,False,False,2.8199386596679688,0.5628570115313752
historical_case_study,COc1cccc(CN2CCC(/C=C3\Cc4cccc(OC)c4C3=O)CC2)c1,13,C13,C,False,True,2.7984137535095215,0.5518789069415883
historical_case_study,COc1cccc(CN2CCC(/C=C3\Cc4cccc(OC)c4C3=O)CC2)c1,15,C15,C,True,True,2.7658886909484863,0.5352905169176773
historical_case_study,COc1cccc(CN2CCC(/C=C3\Cc4cccc(OC)c4C3=O)CC2)c1,6,C6,C,True,True,2.738501787185669,0.5213226839484891
historical_case_study,COc1cccc(CN2CCC(/C=C3\Cc4cccc(OC)c4C3=O)CC2)c1,11,C11,C,False,True,2.7288818359375,0.516416328948674
historical_case_study,COc1cccc(CN2CCC(/C=C3\Cc4cccc(OC)c4C3=O)CC2)c1,21,C21,C,False,False,2.621105432510376,0.4614483481163994
historical_case_study,COc1cccc(CN2CCC(/C=C3\Cc4cccc(OC)c4C3=O)CC2)c1,25,C25,C,False,True,2.4693942070007324,0.38407278657714466
historical_case_study,COc1cccc(CN2CCC(/C=C3\Cc4cccc(OC)c4C3=O)CC2)c1,10,C10,C,False,True,2.459102153778076,0.37882364700411875
historical_case_study,COc1cccc(CN2CCC(/C=C3\Cc4cccc(OC)c4C3=O)CC2)c1,24,O24,O,False,False,2.403766632080078,0.3506014963355247
historical_case_study,COc1cccc(CN2CCC(/C=C3\Cc4cccc(OC)c4C3=O)CC2)c1,7,C7,C,False,False,2.375311851501465,0.33608902622429665
historical_case_study,COc1cccc(CN2CCC(/C=C3\Cc4cccc(OC)c4C3=O)CC2)c1,8,N8,N,False,True,2.355952262878418,0.3262152740622854
historical_case_study,COc1cccc(CN2CCC(/C=C3\Cc4cccc(OC)c4C3=O)CC2)c1,14,C14,C,False,True,2.2294435501098633,0.26169346522980064
historical_case_study,COc1cccc(CN2CCC(/C=C3\Cc4cccc(OC)c4C3=O)CC2)c1,12,C12,C,False,False,1.8223886489868164,0.05408785499300569
historical_case_study,COc1cccc(CN2CCC(/C=C3\Cc4cccc(OC)c4C3=O)CC2)c1,1,O1,O,False,False,1.720462441444397,0.0021035834424472117
historical_case_study,COc1cccc(CN2CCC(/C=C3\Cc4cccc(OC)c4C3=O)CC2)c1,20,O20,O,False,False,1.7163379192352295,0.0
