row_index,partition,y_true,y_pred,y_prob_positive
17,test,1,1,0.9999374
20,test,1,1,0.9996294
29,test,1,1,0.99949586
33,test,1,1,0.9977245
39,test,1,1,0.5867545
48,test,1,1,0.9979412
64,test,1,1,0.999962
83,test,1,1,0.9882867
100,test,1,1,0.9896344
109,test,1,1,0.98626536
130,test,1,1,0.98665917
146,test,1,1,0.9979358
151,test,1,1,0.8852505
153,test,1,1,0.9812526
155,test,1,1,0.55643725
156,test,1,1,0.9946497
157,test,1,0,0.3245354
160,test,1,1,0.98810077
171,test,1,1,0.99829966
185,test,1,0,0.029476836
186,test,1,0,0.4696826
193,test,0,0,0.102066435
194,test,1,1,0.65550685
207,test,1,1,0.9383519
217,test,0,1,0.5705928
236,test,0,1,0.56866825
244,test,0,0,2.5739462e-19
261,test,0,0,0.2740908
266,test,0,1,0.8930922
283,test,0,0,0.029265095
286,test,0,1,0.7027632
297,test,1,1,0.99393374
330,test,1,1,0.99972767
356,test,1,1,0.9978204
358,test,1,1,0.9990976
360,test,1,1,0.9870395
364,test,1,1,0.9994894
378,test,1,1,0.9520026
383,test,1,1,0.94955015
391,test,1,1,0.991771
392,test,1,1,0.99977785
397,test,1,1,0.996608
399,test,1,1,0.9881193
402,test,1,1,0.98326933
403,test,1,1,0.99986947
416,test,1,1,0.998884
417,test,1,1,0.9535541
418,test,1,1,0.99972624
420,test,1,1,0.999889
422,test,1,1,0.5256583
423,test,1,1,0.9891488
432,test,1,1,0.9855525
436,test,1,1,0.9998952
471,test,1,1,0.9944483
475,test,1,1,0.9998716
485,test,1,0,0.01785184
490,test,1,1,0.9999527
492,test,1,1,0.9329941
497,test,1,1,0.99761605
505,test,1,1,0.9805561
512,test,1,1,0.9869921
514,test,1,1,0.9976584
520,test,1,1,0.9998504
525,test,1,1,0.99947137
534,test,1,1,0.9928213
538,test,1,1,0.99988294
542,test,1,1,0.94407666
543,test,1,1,0.98635626
549,test,1,1,0.9989831
553,test,1,1,0.9925114
557,test,1,1,0.986413
565,test,1,1,0.7070338
572,test,1,1,0.64218175
577,test,1,1,0.94228727
606,test,1,1,0.9986399
617,test,1,1,0.9270539
623,test,1,1,0.9992995
629,test,1,1,0.99882823
630,test,1,1,0.988699
650,test,1,1,0.94141287
664,test,1,1,0.995886
676,test,1,1,0.9999188
677,test,1,1,0.73488694
680,test,1,1,0.9703232
690,test,1,1,0.9962495
698,test,1,1,0.99999833
700,test,1,0,0.17646942
716,test,1,1,0.9999794
721,test,1,1,0.9902334
736,test,1,1,0.9958688
739,test,1,0,0.009382972
743,test,1,1,0.997894
754,test,1,1,0.92878205
756,test,1,1,0.9887583
759,test,1,1,0.9411956
764,test,1,1,0.95748454
796,test,1,1,0.96507585
809,test,1,0,0.0072531886
834,test,1,1,0.99259007
845,test,1,1,0.9999863
847,test,1,1,0.9999502
852,test,1,0,0.028495837
857,test,1,1,0.98693305
869,test,1,1,0.90707374
870,test,1,1,0.99898654
872,test,1,1,0.99994886
875,test,1,1,0.86279863
879,test,1,1,0.99991643
885,test,1,1,0.9798748
889,test,1,1,0.98374015
901,test,1,1,0.9968786
905,test,1,1,0.99944216
909,test,1,1,0.99998534
921,test,1,1,0.9995579
928,test,1,1,0.9792656
931,test,1,0,0.22728509
939,test,1,1,0.9998549
940,test,1,1,0.99031407
945,test,1,1,0.9109141
946,test,1,1,0.5246795
960,test,1,1,0.99988353
961,test,1,1,0.9995028
967,test,1,1,0.9991254
971,test,1,1,0.9925054
977,test,1,0,0.00018830916
978,test,1,1,0.886588
981,test,1,1,0.87224567
984,test,1,1,0.8787163
990,test,1,1,0.9931288
999,test,1,0,0.18840836
1005,test,1,1,0.9999819
1006,test,1,1,0.98443097
1009,test,1,1,0.92178494
1011,test,1,1,0.9994773
1026,test,1,1,0.9987583
1027,test,1,0,0.07703446
1034,test,1,1,0.96692353
1037,test,1,1,0.9941148
1060,test,1,1,0.9929047
1061,test,1,1,0.9929047
1065,test,1,1,0.8844687
1069,test,1,1,0.9626917
1075,test,1,1,0.99894243
1079,test,1,1,0.99980646
1116,test,1,1,0.9999064
1127,test,1,1,0.9734675
1136,test,1,0,0.074354514
1138,test,1,1,0.9970733
1150,test,1,1,0.8814836
1152,test,1,1,0.9999485
1154,test,1,1,0.96591437
1155,test,1,0,0.34335545
1158,test,1,1,0.9967187
1161,test,1,1,0.9728266
1165,test,1,1,0.9771221
1168,test,1,1,0.9994087
1175,test,1,1,0.9793041
1178,test,1,1,0.997589
1180,test,1,1,0.99184084
1182,test,1,1,0.99828136
1192,test,1,1,0.6953642
1206,test,1,0,0.03395063
1224,test,1,1,0.9978878
1260,test,1,1,0.99832684
1261,test,1,1,0.9695132
1272,test,1,0,0.24748102
1285,test,1,0,0.033096366
1289,test,1,1,0.78517383
1297,test,1,1,0.99945384
1298,test,1,1,0.96913034
1299,test,1,1,0.5413339
1301,test,1,1,0.9968182
1303,test,1,1,0.84194124
1305,test,1,1,0.95366204
1328,test,1,1,0.94758904
1330,test,1,1,0.7247434
1361,test,1,1,0.55637425
1383,test,1,0,0.049562912
1395,test,1,0,0.0003197808
1396,test,1,1,0.99586004
1403,test,1,1,0.89001864
1429,test,1,1,0.99673563
1438,test,1,1,0.9992716
1439,test,1,1,0.99317414
1442,test,1,0,0.44520694
1446,test,1,0,0.0011267221
1451,test,1,1,0.924326
1454,test,1,1,0.9863712
1460,test,1,1,0.9976077
1463,test,1,0,0.02350468
1466,test,1,1,0.916588
1468,test,1,0,7.04919e-06
1482,test,1,1,0.99748284
1487,test,1,1,0.9951428
1526,test,1,1,0.7172847
1536,test,1,1,0.9903577
1542,test,1,1,0.8567469
1552,test,1,1,0.9741907
1559,test,1,1,0.9999062
1582,test,1,1,0.91836303
1608,test,1,1,0.80017114
1617,test,1,1,0.9978288
1625,test,1,1,0.9377817
1629,test,1,1,0.8362165
1632,test,1,1,0.95218176
1643,test,1,1,0.9914214
1644,test,1,1,0.88204926
1675,test,1,0,2.100198e-06
1676,test,1,1,0.72251993
1685,test,1,1,0.90412897
1686,test,1,0,0.43911985
1696,test,1,1,0.99995625
1717,test,1,1,0.97912425
1723,test,1,1,0.9854696
1742,test,1,0,0.014918832
1761,test,1,0,0.31300998
1772,test,1,0,1.9852017e-07
1783,test,1,0,0.16564406
1804,test,1,1,0.95470095
1811,test,1,1,0.7463215
1814,test,1,0,0.0010617196
1815,test,1,1,0.7537532
1840,test,1,0,0.008297342
1851,test,1,0,0.09569425
1854,test,1,1,0.9499134
1856,test,1,0,0.043482322
1877,test,1,1,0.99994373
1890,test,1,0,5.315024e-05
1904,test,1,1,0.9980848
1940,test,0,1,0.905772
1947,test,0,0,0.004676955
1948,test,0,0,0.36230558
1949,test,0,0,0.015969759
1953,test,0,0,0.14284565
1954,test,0,1,0.9998779
1989,test,0,0,0.22054572
1996,test,0,1,0.8474997
2003,test,0,1,0.7740165
2032,test,0,1,0.99490523
2040,test,0,1,0.85369605
2050,test,0,0,0.10577114
2070,test,0,0,0.0051613343
2076,test,0,0,0.29237026
2083,test,0,0,0.082637176
2117,test,0,0,0.04129723
2122,test,0,1,0.70748377
2123,test,0,1,0.9014133
2129,test,0,1,0.80370843
2136,test,0,1,0.988167
2138,test,0,1,0.9917156
2148,test,0,0,0.012479406
2152,test,0,0,0.008424721
2157,test,0,1,0.98471284
2168,test,0,0,0.019777937
2172,test,0,1,0.9745953
2197,test,0,0,0.00013083777
2205,test,0,0,0.15415424
2215,test,0,1,0.9436921
2230,test,0,0,0.2253415
2234,test,0,1,0.5911062
2235,test,0,1,0.83163935
2237,test,0,0,0.0070083365
2246,test,0,0,0.025544291
2253,test,0,1,0.996842
2268,test,0,1,0.8983762
2298,test,0,0,0.0011392215
2306,test,0,1,0.9942345
2308,test,0,1,0.6700947
2310,test,0,0,0.00026198593
2311,test,0,0,0.29491055
2315,test,0,1,0.7603389
2338,test,0,1,0.6243969
2348,test,0,0,0.10591085
2355,test,0,0,0.05982234
2362,test,0,1,0.63879216
2372,test,0,0,0.09079375
2377,test,0,0,4.652909e-06
2382,test,0,0,0.092098124
2447,test,0,0,0.05114894
2471,test,0,0,0.33995506
2484,test,0,0,0.000100156794
2523,test,0,0,9.6195485e-08
2525,test,0,1,0.9075589
2531,test,0,0,0.00024355123
2557,test,0,1,0.8215234
2573,test,0,0,0.14637773
2585,test,0,0,0.00025003462
2588,test,0,0,0.0037235566
2607,test,0,0,0.10613342
2618,test,0,0,9.2485134e-05
2633,test,0,0,0.030727377
2646,test,0,0,2.9727042e-05
2671,test,0,0,0.08036621
2675,test,0,0,0.0007592744
2699,test,0,0,1.7172183e-06
2706,test,0,0,1.3873021e-05
2713,test,0,0,0.0039258655
2731,test,0,0,0.07331026
2741,test,0,1,0.93595386
2747,test,0,1,0.999879
2777,test,0,0,0.005984129
2785,test,0,1,0.81044877
2787,test,0,1,0.5608174
2788,test,0,1,0.94593656
2789,test,0,0,0.0144482665
2798,test,0,0,0.00026845926
2836,test,0,0,2.9046962e-06
2839,test,0,0,0.00087517954
2846,test,0,0,0.00028288882
2853,test,0,1,0.6156527
2861,test,0,0,2.2211248e-07
2869,test,0,0,5.235436e-06
2929,test,0,1,0.9961345
2938,test,0,0,0.00067246147
2940,test,0,0,0.00086109334
2943,test,0,0,1.3464551e-06
2981,test,0,1,0.84383214
2992,test,0,1,0.5420232
2996,test,0,0,4.353339e-05
3000,test,0,0,0.0005363799
3001,test,0,0,0.058209512
3003,test,0,0,0.03416563
3007,test,0,1,0.5510211
3008,test,0,0,0.1735968
3018,test,0,0,0.23042637
3019,test,0,1,0.7682077
3020,test,0,0,0.25943664
3052,test,0,0,0.0022664669
3058,test,0,0,4.7009587e-07
3060,test,0,0,0.45034814
3061,test,0,0,0.4455251
3090,test,0,0,0.16568089
3098,test,0,1,0.7878638
3154,test,0,0,0.35077533
3164,test,0,0,0.005038317
3176,test,0,0,8.584595e-05
3177,test,0,0,0.00023910483
3184,test,0,0,5.3757707e-05
3186,test,0,1,0.8637351
3190,test,0,1,0.669562
3225,test,0,0,4.594703e-06
3273,test,0,0,0.105979025
3274,test,0,0,0.19684069
3275,test,0,0,0.110081024
3304,test,0,0,0.001411123
3311,test,0,0,3.624625e-10
3318,test,0,0,0.19690183
3319,test,0,0,0.00031907644
3324,test,0,0,0.0022884444
3348,test,0,0,0.00019943228
3362,test,0,0,0.0028138126
3363,test,0,0,0.0070475764
3370,test,0,0,0.33024248
3376,test,0,0,0.00013606137
3391,test,0,0,0.00045631305
3395,test,0,0,0.058150914
3420,test,0,0,3.708002e-08
3424,test,0,1,0.9871967
3430,test,0,0,0.005885425
3433,test,0,0,0.0001343202
3435,test,0,1,0.8618003
3439,test,0,1,0.9562188
3443,test,0,0,3.8821263e-06
3482,test,0,0,0.01002221
3487,test,0,0,0.0002092333
3490,test,0,0,4.3315904e-05
3514,test,0,0,4.04122e-09
3516,test,0,1,0.9602517
3519,test,0,1,0.8866558
3562,test,0,0,0.4415108
3569,test,0,0,0.09987147
3592,test,0,0,0.032211408
3600,test,0,0,0.11373064
3613,test,0,0,0.34026563
3620,test,0,0,0.018400028
3644,test,0,0,0.00053308305
3658,test,0,0,1.3567907e-08
3659,test,0,1,0.78348166
3669,test,0,0,3.844473e-06
3673,test,0,0,1.7180428e-05
3678,test,0,0,6.9844277e-06
3690,test,0,0,8.090797e-06
3696,test,0,0,7.244917e-09
3697,test,0,0,2.5866493e-05
3701,test,0,0,3.8328643e-08
3707,test,0,0,1.1737447e-05
3709,test,0,0,0.0017169775
3731,test,0,0,0.000610888
3734,test,0,0,0.0001618196
3776,test,0,0,0.0050963648
3778,test,0,0,0.13478433
3829,test,0,1,0.69395506
3833,test,0,0,3.305228e-06
3835,test,0,0,4.1886022e-07
3842,test,0,0,0.012178034
3843,test,0,0,0.00012952184
3855,test,0,0,9.815949e-06
3863,test,0,0,0.20598213
3872,test,0,0,7.553974e-05
3910,test,0,0,1.1421821e-05
3940,test,0,0,0.0067912503
3950,test,0,0,5.5551827e-11
3963,test,0,0,0.009775395
3987,test,0,0,0.11373064
4049,test,0,0,1.0769623e-05
4055,test,0,0,1.9252315e-08
4060,test,0,0,3.9123036e-26
2,validation,1,1,0.9995722
16,validation,1,1,0.9993895
18,validation,1,0,0.19015546
31,validation,1,1,0.97451967
32,validation,1,1,0.9339502
34,validation,1,1,0.97491974
52,validation,1,1,0.9973133
71,validation,1,0,0.24109611
81,validation,1,1,0.99953246
92,validation,1,0,0.009659756
94,validation,1,1,0.8099229
136,validation,1,1,0.6683717
140,validation,1,1,0.9990532
164,validation,0,1,0.95914793
192,validation,0,0,0.00059996056
206,validation,1,0,0.40145028
213,validation,0,0,0.18188635
214,validation,0,1,0.9981316
216,validation,0,1,0.96439195
218,validation,0,0,0.0007683116
222,validation,0,0,0.00026222132
234,validation,0,1,0.75984275
246,validation,0,0,1.4842372e-05
253,validation,0,0,4.0511472e-07
284,validation,0,1,0.8319546
321,validation,1,1,0.99965227
326,validation,1,1,0.9974988
332,validation,1,1,0.9995696
338,validation,1,0,0.3587377
340,validation,1,1,0.9967667
342,validation,1,1,0.9703043
353,validation,1,1,0.9995426
355,validation,1,1,0.9997451
365,validation,1,1,0.99968076
366,validation,1,1,0.9982085
368,validation,1,1,0.96368456
377,validation,1,1,0.9959927
384,validation,1,1,0.8845326
387,validation,1,1,0.9996902
393,validation,1,1,0.99974114
401,validation,1,1,0.99996126
409,validation,1,1,0.9998565
410,validation,1,1,0.98111665
428,validation,1,1,0.5913201
429,validation,1,1,0.9998816
433,validation,1,1,0.9996873
439,validation,1,1,0.9997744
445,validation,1,1,0.83148223
449,validation,1,1,0.998447
452,validation,1,1,0.9801744
458,validation,1,1,0.8941177
461,validation,1,1,0.9999894
463,validation,1,1,0.96224713
465,validation,1,1,0.9649423
466,validation,1,1,0.9649423
469,validation,1,1,0.9999653
472,validation,1,1,0.6174854
483,validation,1,1,0.99427867
488,validation,1,1,0.997315
498,validation,1,1,0.6455306
507,validation,1,1,0.993586
518,validation,1,1,0.9921657
522,validation,1,1,0.99667466
524,validation,1,1,0.9968419
529,validation,1,1,0.9994771
550,validation,1,1,0.99700063
555,validation,1,1,0.99054927
556,validation,1,1,0.99054927
558,validation,1,1,0.98214704
560,validation,1,1,0.99985313
563,validation,1,1,0.9939653
568,validation,1,1,0.9949574
573,validation,1,1,0.9998983
575,validation,1,1,0.9998852
576,validation,1,1,0.99986434
589,validation,1,1,0.9991379
595,validation,1,1,0.98825943
608,validation,1,1,0.9994235
614,validation,1,1,0.98664224
619,validation,1,1,0.9998703
622,validation,1,1,0.9417889
628,validation,1,1,0.99983335
633,validation,1,1,0.99326587
641,validation,1,1,0.9996356
656,validation,1,1,0.581299
669,validation,1,1,0.80806106
671,validation,1,1,0.75063854
674,validation,1,1,0.99480456
683,validation,1,1,0.9590774
694,validation,1,1,0.99481505
699,validation,1,1,0.90614915
706,validation,1,1,0.9996093
707,validation,1,1,0.99583423
709,validation,1,1,0.9907624
711,validation,1,1,0.97548056
715,validation,1,1,0.60515225
717,validation,1,1,0.9519007
726,validation,1,1,0.99955755
730,validation,1,1,0.9869006
732,validation,1,0,0.01732867
735,validation,1,1,0.99114287
755,validation,1,1,0.99731416
758,validation,1,0,0.1559835
766,validation,1,1,0.8848466
768,validation,1,1,0.9967975
769,validation,1,1,0.9374301
784,validation,1,1,0.99282163
789,validation,1,1,0.99988055
792,validation,1,1,0.9606413
803,validation,1,1,0.98335487
804,validation,1,1,0.51988375
815,validation,1,0,0.19693059
818,validation,1,1,0.9999467
830,validation,1,1,0.98884904
835,validation,1,0,0.015823716
837,validation,1,1,0.99994457
839,validation,1,1,0.9998454
840,validation,1,1,0.99787843
843,validation,1,1,0.9995758
855,validation,1,1,0.9997445
877,validation,1,1,0.9987739
881,validation,1,1,0.9984975
898,validation,1,0,0.01776168
906,validation,1,1,0.9164991
922,validation,1,1,0.99589974
926,validation,1,1,0.9971825
952,validation,1,1,0.91730046
953,validation,1,1,0.98355883
966,validation,1,1,0.9781733
968,validation,1,1,0.9142667
974,validation,1,1,0.99582064
975,validation,1,1,0.96687096
976,validation,1,0,0.08596643
982,validation,1,0,0.01292484
991,validation,1,1,0.98489165
1004,validation,1,0,0.30153656
1012,validation,1,1,0.9999161
1019,validation,1,1,0.979142
1022,validation,1,1,0.9861491
1029,validation,1,1,0.9999982
1043,validation,1,1,0.9994074
1051,validation,1,1,0.9954202
1066,validation,1,1,0.9352815
1070,validation,1,1,0.9352548
1082,validation,1,1,0.66812354
1092,validation,1,1,0.99504155
1096,validation,1,1,0.99792117
1097,validation,1,1,0.9854264
1099,validation,1,1,0.9933482
1120,validation,1,1,0.8825493
1134,validation,1,1,0.9987478
1135,validation,1,1,0.99873275
1137,validation,1,1,0.98281384
1139,validation,1,1,0.9231361
1156,validation,1,1,0.9957255
1157,validation,1,1,0.9947449
1159,validation,1,1,0.9994948
1186,validation,1,1,0.9833921
1190,validation,1,0,0.000744441
1191,validation,1,0,0.06787766
1194,validation,1,1,0.9764231
1197,validation,1,1,0.9301498
1202,validation,1,1,0.9964773
1220,validation,1,1,0.99943095
1223,validation,1,1,0.99232787
1237,validation,1,1,0.96494794
1240,validation,1,1,0.98447776
1250,validation,1,1,0.9971004
1254,validation,1,1,0.99543226
1257,validation,1,1,0.96912336
1270,validation,1,1,0.9966994
1275,validation,1,1,0.97051686
1315,validation,1,1,0.9991233
1316,validation,1,1,0.99498206
1318,validation,1,1,0.98396355
1324,validation,1,1,0.999998
1331,validation,1,1,0.5695359
1332,validation,1,1,0.95636225
1335,validation,1,0,0.00012227283
1336,validation,1,1,0.8003879
1337,validation,1,1,0.98222864
1341,validation,1,1,0.91271454
1353,validation,1,1,0.9694686
1356,validation,1,1,0.99092215
1363,validation,1,1,0.9608362
1376,validation,1,0,0.35231867
1388,validation,1,1,0.99995744
1389,validation,1,1,0.99989796
1406,validation,1,1,0.9810831
1411,validation,1,1,0.99778664
1422,validation,1,1,0.9955759
1434,validation,1,1,0.9981184
1435,validation,1,1,0.95591915
1445,validation,1,1,0.5311998
1449,validation,1,1,0.99992895
1450,validation,1,0,0.09956608
1464,validation,1,1,0.5373773
1476,validation,1,1,0.504141
1479,validation,1,1,0.99017817
1484,validation,1,1,0.8911722
1492,validation,1,1,0.9924057
1509,validation,1,1,0.9876217
1512,validation,1,1,0.80687535
1513,validation,1,1,0.9951696
1514,validation,1,0,0.0019611863
1549,validation,1,1,0.9213063
1556,validation,1,1,0.9988475
1560,validation,1,1,0.9972193
1571,validation,1,1,0.89680594
1573,validation,1,1,0.9943785
1576,validation,1,0,0.00031933052
1581,validation,1,1,0.9999341
1600,validation,1,1,0.7811149
1602,validation,1,1,0.99999845
1607,validation,1,1,0.9967637
1616,validation,1,1,0.9914976
1621,validation,1,1,0.62960476
1630,validation,1,0,0.056408633
1641,validation,1,0,0.08583136
1650,validation,1,1,0.99956375
1698,validation,1,1,0.9999325
1706,validation,1,1,0.8904295
1708,validation,1,0,0.016811645
1715,validation,1,1,0.7920901
1739,validation,1,0,0.15041125
1765,validation,1,1,0.9240816
1768,validation,1,1,0.9994293
1769,validation,1,1,0.99858725
1823,validation,1,0,0.27294004
1842,validation,1,1,0.8773738
1855,validation,1,1,0.55657196
1859,validation,1,0,0.35333946
1864,validation,1,1,0.75225353
1896,validation,1,1,0.9880702
1927,validation,0,1,0.57294923
1932,validation,0,1,0.9511024
1935,validation,0,0,0.0048159105
1942,validation,0,0,0.34096238
1976,validation,0,1,0.9622049
1999,validation,0,0,0.047810856
2002,validation,0,0,0.17785299
2007,validation,0,1,0.92190254
2021,validation,0,0,0.1457596
2062,validation,0,1,0.93254334
2065,validation,0,0,0.07749202
2088,validation,0,0,0.11001981
2090,validation,0,1,0.9963666
2163,validation,0,1,0.7820519
2187,validation,0,0,5.298713e-10
2208,validation,0,0,2.0311052e-05
2212,validation,0,1,0.8167543
2218,validation,0,0,2.1913782e-07
2221,validation,0,1,0.7914613
2247,validation,0,0,8.5656895e-05
2266,validation,0,0,0.022196399
2312,validation,0,0,0.2952237
2336,validation,0,1,0.89638025
2337,validation,0,1,0.5216214
2343,validation,0,1,0.99209
2351,validation,0,0,0.19614367
2408,validation,0,0,0.002246516
2412,validation,0,1,0.9995696
2419,validation,0,0,0.17309213
2430,validation,0,0,0.0031127983
2442,validation,0,0,3.1378297e-06
2459,validation,0,0,1.31462e-05
2461,validation,0,0,0.0029336237
2473,validation,0,0,0.039312903
2474,validation,0,0,0.008114302
2477,validation,0,0,0.18905096
2478,validation,0,0,9.558152e-08
2482,validation,0,0,6.106415e-05
2483,validation,0,0,0.07139615
2505,validation,0,0,0.02767628
2517,validation,0,0,5.7339017e-05
2518,validation,0,0,0.46243122
2519,validation,0,1,0.8175513
2537,validation,0,0,3.2877642e-06
2555,validation,0,0,5.858298e-06
2561,validation,0,1,0.690792
2597,validation,0,0,0.014326845
2612,validation,0,1,0.7926127
2653,validation,0,0,2.9572147e-05
2667,validation,0,0,0.00025216868
2709,validation,0,0,0.0065854904
2712,validation,0,0,0.0016514999
2732,validation,0,0,0.022260707
2762,validation,0,0,2.7976238e-15
2774,validation,0,0,6.573115e-06
2776,validation,0,0,0.0018765854
2801,validation,0,1,0.7301589
2813,validation,0,0,0.010900019
2817,validation,0,0,2.7035765e-07
2829,validation,0,0,4.1243966e-05
2835,validation,0,0,0.12507221
2862,validation,0,0,3.714529e-07
2866,validation,0,0,0.3453387
2870,validation,0,0,3.050543e-05
2875,validation,0,1,0.9950937
2876,validation,0,0,0.00011354274
2878,validation,0,0,3.1827523e-05
2887,validation,0,0,0.21366844
2930,validation,0,1,0.8428252
2995,validation,0,0,0.0009900569
3002,validation,0,0,0.0010967097
3005,validation,0,0,0.048764713
3009,validation,0,0,0.040826946
3022,validation,0,1,0.78536165
3054,validation,0,0,0.33454952
3088,validation,0,1,0.99083775
3100,validation,0,0,0.0064137746
3114,validation,0,0,7.7257445e-10
3134,validation,0,0,0.0052837566
3141,validation,0,0,0.46747398
3146,validation,0,0,0.0005403759
3175,validation,0,0,6.357304e-05
3195,validation,0,0,0.29103372
3221,validation,0,0,0.0013772098
3241,validation,0,0,2.0110985e-05
3253,validation,0,0,4.708451e-10
3255,validation,0,0,1.1907568e-05
3282,validation,0,0,3.539869e-05
3283,validation,0,0,0.00012496112
3288,validation,0,0,0.0018236596
3293,validation,0,0,3.7197156e-06
3302,validation,0,0,0.13334814
3305,validation,0,0,0.0017366838
3308,validation,0,1,0.9998431
3321,validation,0,1,0.99958414
3350,validation,0,0,4.8795556e-07
3353,validation,0,0,0.32180807
3360,validation,0,0,0.16753739
3372,validation,0,0,0.0019640399
3406,validation,0,0,5.4852433e-05
3422,validation,0,0,1.0174043e-05
3440,validation,0,0,0.049031742
3445,validation,0,0,0.004042364
3451,validation,0,0,0.21878363
3455,validation,0,0,0.26515812
3464,validation,0,0,1.681472e-06
3494,validation,0,0,0.051048968
3504,validation,0,0,1.6454683e-06
3508,validation,0,0,0.35439697
3521,validation,0,0,0.3438062
3525,validation,0,1,0.996926
3531,validation,0,0,0.0006506224
3532,validation,0,0,3.1385538e-05
3579,validation,0,0,0.4719293
3588,validation,0,1,0.8342868
3589,validation,0,0,4.619368e-08
3591,validation,0,0,3.3877437e-05
3594,validation,0,0,0.00016155659
3595,validation,0,0,0.04479294
3608,validation,0,0,0.11238395
3609,validation,0,0,0.04929862
3610,validation,0,1,0.96590203
3623,validation,0,0,0.23605621
3633,validation,0,0,8.7611625e-05
3639,validation,0,0,5.507278e-05
3647,validation,0,0,4.2241597e-12
3649,validation,0,0,0.027486077
3655,validation,0,0,2.8808277e-06
3656,validation,0,0,6.5131926e-06
3662,validation,0,0,0.0033413155
3698,validation,0,0,1.935168e-08
3703,validation,0,0,4.2751335e-06
3705,validation,0,0,1.8670201e-08
3710,validation,0,0,0.051300738
3721,validation,0,0,7.8813224e-05
3724,validation,0,0,1.1632919e-07
3727,validation,0,0,6.327149e-06
3737,validation,0,0,0.00036509734
3739,validation,0,0,0.0006848168
3749,validation,0,0,0.00179774
3774,validation,0,0,0.00027217693
3791,validation,0,0,0.45686167
3804,validation,0,1,0.9852298
3813,validation,0,0,0.0001296233
3815,validation,0,0,0.0032464077
3820,validation,0,0,0.18390526
3834,validation,0,0,0.00012636573
3838,validation,0,0,4.0351504e-09
3841,validation,0,0,0.00013232723
3886,validation,0,0,0.0023429014
3897,validation,0,0,3.8056433e-11
3900,validation,0,0,0.10011221
3906,validation,0,0,0.00033243498
3957,validation,0,0,3.154162e-09
3966,validation,0,0,9.030845e-05
3972,validation,0,0,0.024020083
3974,validation,0,0,0.00395639
3990,validation,0,0,0.002355882
4016,validation,0,0,0.0058983834
4026,validation,0,0,0.00017931551
4042,validation,0,0,7.567861e-06
4043,validation,0,0,1.1588362e-09
4045,validation,0,0,3.1472555e-10
4050,validation,0,0,2.0802738e-05
4054,validation,0,0,3.737006e-08
4057,validation,0,0,3.7795857e-08
4059,validation,0,0,5.1692847e-38
4061,validation,0,0,6.1687352e-12
4067,validation,0,0,2.434365e-39
4068,validation,0,0,2.1804956e-08
4069,validation,0,0,4.280863e-12
4070,validation,0,0,9.9173e-41
4072,validation,0,0,4.2e-44
4073,validation,0,0,1.1175692e-31
