epoch,train_loss,val_loss,val_accuracy,val_f1,val_roc_auc
1,0.616651744564618,0.5842336126986671,0.7107843137254902,0.7093596059113301,0.7745485395709611
2,0.5621453448672967,0.5438590331696996,0.7328431372549019,0.756152125279642,0.7971882196097442
3,0.5376811518625247,0.5363865982668072,0.7377450980392157,0.7627494456762749,0.8043873469882438
4,0.509812391243098,0.524830309126307,0.7401960784313726,0.7546296296296297,0.8148345655072112
5,0.4947878742876228,0.539133272809433,0.7303921568627451,0.7417840375586855,0.8013331717367591
6,0.482900029749958,0.5284735149904793,0.7450980392156863,0.7777777777777778,0.7992970549024361
7,0.4735740834949938,0.5362111237265316,0.7696078431372549,0.7947598253275109,0.7952005817476671
8,0.4683285795106478,0.5294150135790309,0.7475490196078431,0.7621247113163973,0.8150769603684401
9,0.4637146873342478,0.5165236774905055,0.7549019607843137,0.7706422018348624,0.8188340807174889
10,0.4540756523974834,0.5132382604129174,0.7450980392156863,0.7777777777777778,0.8116591928251121
11,0.4421288022234396,0.5256418471827227,0.7426470588235294,0.7912524850894632,0.8191249545509635
12,0.4567315896595914,0.5184013091904276,0.75,0.7782608695652173,0.8094533995879287
13,0.4393026640444445,0.521390911520404,0.7377450980392157,0.7540229885057471,0.8205308447460914
14,0.4318719592562482,0.4922544536199055,0.7696078431372549,0.7982832618025751,0.8349533389892133
15,0.4337615320653272,0.5166444797616672,0.7622549019607843,0.7695961995249406,0.8355835656284086
16,0.4277328446598872,0.4857053917412664,0.7720588235294118,0.7964989059080962,0.8385165434492788
17,0.4153427205568442,0.5059816529791729,0.7671568627450981,0.7991543340380549,0.8225184826081686
18,0.4146483258601346,0.5207083860375717,0.7475490196078431,0.7726269315673289,0.8143012968125075
19,0.4072790370397041,0.5200956555119917,0.7573529411764706,0.7924528301886793,0.8140346624651558
20,0.4002432600120825,0.5047252872483987,0.7598039215686274,0.7822222222222223,0.8296691310144224
21,0.4074204125653015,0.4794161651356547,0.7818627450980392,0.7954022988505747,0.851993697733608
22,0.4019616702217266,0.4939917770451775,0.7696078431372549,0.7920353982300885,0.8346624651557386
23,0.4038323374979335,0.4838686602226659,0.7843137254901961,0.8127659574468085,0.8422979032844504
24,0.4040667040947756,0.5011823636790117,0.7745098039215687,0.7982456140350878,0.8314870924736395
25,0.3944485087336207,0.4600929933435776,0.7916666666666666,0.8225469728601252,0.8581747666949461
26,0.3904865382639177,0.4852886175846352,0.7769607843137255,0.8100208768267223,0.8432674827293661
27,0.3911542951329354,0.490433194473678,0.7671568627450981,0.7816091954022989,0.8522603320809599
28,0.3871647299433047,0.5171268109195665,0.75,0.7681818181818182,0.8381529511574355
29,0.3880820064091244,0.4831027979323384,0.7794117647058824,0.8,0.8518967397891165
30,0.3791373115010056,0.4805903260176088,0.7965686274509803,0.8207343412526998,0.8466610107865713
31,0.3785296084690679,0.4991645775004929,0.7794117647058824,0.7972972972972973,0.8435825960489638
32,0.3791600545125504,0.4756305080053268,0.7867647058823529,0.8044943820224719,0.8562356078051145
33,0.3838721977421111,0.483571989973094,0.7818627450980392,0.8,0.8527936007756636
34,0.3763606092681182,0.4608440676740571,0.7818627450980392,0.8118393234672304,0.8593625015149678
35,0.3729081192630931,0.4454205021554348,0.7990196078431373,0.8209606986899564,0.8699309174645498
36,0.3698697769568742,0.4764418475256831,0.7867647058823529,0.8036117381489842,0.8559204944855169
37,0.36609345952426,0.4897041205389827,0.7965686274509803,0.8159645232815964,0.8494000727184582
38,0.3633253233930084,0.5031217456083087,0.7769607843137255,0.8034557235421166,0.8434613986183492
39,0.3666738074250016,0.482278549715,0.7794117647058824,0.8026315789473685,0.8557992970549024
40,0.3633213111593679,0.4979330191717428,0.7818627450980392,0.8017817371937639,0.8464428554114651
41,0.3611074342318108,0.4743354657810985,0.7916666666666666,0.8081264108352144,0.8676524057689977
42,0.357587248050362,0.5303894944269868,0.7696078431372549,0.7863636363636364,0.8382983880741728
43,0.3615802058047312,0.4513062495446088,0.8014705882352942,0.8301886792452831,0.8723063871045934
44,0.342855160258299,0.4640920910911232,0.8063725490196079,0.8357588357588358,0.8702217912980245
45,0.3605741056562201,0.4924929838481487,0.7990196078431373,0.8225108225108225,0.8491819173433524
46,0.3597167467412773,0.4880879562822919,0.7892156862745098,0.7990654205607477,0.866173797115501
47,0.3538640441338709,0.4801066774582746,0.803921568627451,0.8237885462555066,0.860259362501515
48,0.3462763253530841,0.4531376855082664,0.8112745098039216,0.8292682926829268,0.8726457399103139
49,0.3491589243792317,0.4398985018990203,0.7965686274509803,0.8207343412526998,0.8763786207732395
50,0.3472309736752071,0.4592167476886043,0.8063725490196079,0.8301075268817204,0.8687916616167738
51,0.347150161880657,0.5070578614797663,0.7647058823529411,0.7757009345794392,0.8542479699430371
52,0.3455332231667875,0.4479520107235978,0.8088235294117647,0.8281938325991189,0.8736880378135984
53,0.3357406563188401,0.4655048689878016,0.8014705882352942,0.8154897494305239,0.8740273906193188
54,0.3429712472517797,0.4845456021162225,0.7794117647058824,0.7972972972972973,0.8607441522239728
55,0.3401630317506615,0.4589757604853195,0.7867647058823529,0.8062360801781737,0.8786813719549145
56,0.3318893462236673,0.4840322937085932,0.7916666666666666,0.8036951501154734,0.8644527936007756
57,0.3295749421134317,0.4654871329080824,0.7990196078431373,0.8093023255813954,0.8809114046782208
58,0.3378312303244702,0.47464933348637,0.7916666666666666,0.8240165631469979,0.8683795903526844
59,0.3432227451925628,0.5004888559308123,0.7892156862745098,0.8045454545454546,0.8568415949581868
60,0.3265721662278555,0.4562484391179739,0.7941176470588235,0.8141592920353983,0.8709489758817113
61,0.3339076994386918,0.4462608638968245,0.8112745098039216,0.8307692307692308,0.8788268088716519
62,0.3300889588755332,0.4600051647673051,0.7892156862745098,0.8114035087719298,0.873760756271967
63,0.3325826802136707,0.456014733359802,0.8063725490196079,0.8248337028824834,0.872403345049085
64,0.3363584230099719,0.4329753448346666,0.8186274509803921,0.8348214285714286,0.881299236456187
65,0.3326984208785683,0.4641677258791877,0.7941176470588235,0.8181818181818182,0.8714337656041692
66,0.3220570687867381,0.4712378216505635,0.8112745098039216,0.8269662921348314,0.8701490728396557
67,0.3203278217578958,0.4581181664640705,0.803921568627451,0.8190045248868778,0.8755544782450612
68,0.3288367489912758,0.4542605120359975,0.7916666666666666,0.811529933481153,0.8785359350381772
69,0.3217167086213644,0.4630211313419482,0.803921568627451,0.8198198198198198,0.8730578111744031
70,0.3176677812096531,0.4588339136475149,0.7965686274509803,0.8237791932059448,0.8780026663434735
71,0.3243769915191674,0.4718285777295629,0.7892156862745098,0.8,0.8761847048842564
72,0.3272374861445163,0.471550544212554,0.7965686274509803,0.8252631578947368,0.8785116955520543
73,0.3206144393221732,0.445908797904849,0.8088235294117647,0.8266666666666667,0.8780026663434736
74,0.3139585708913627,0.433944696560502,0.8063725490196079,0.8278867102396514,0.8859532177917828
75,0.3061146949332184,0.4730162346626029,0.8063725490196079,0.8286334056399133,0.8729366137437886
76,0.3283762888857192,0.427152019158444,0.8088235294117647,0.8266666666666667,0.889564901224094
77,0.3102976582533011,0.4466281680061537,0.8088235294117647,0.8381742738589212,0.8820506605259968
78,0.3164099145155011,0.4363872889319763,0.8112745098039216,0.8277404921700223,0.8833111138043873
79,0.3116011641508231,0.447215433615972,0.7965686274509803,0.8167770419426048,0.875166646467095
80,0.3215305819833206,0.4556638423134299,0.8063725490196079,0.8240534521158129,0.8810326021088353
81,0.308959271498253,0.4442980813191217,0.8063725490196079,0.8329809725158562,0.8819052236092595
82,0.3018418000702477,0.5031506852703351,0.7965686274509803,0.8056206088992974,0.8733002060356321
83,0.3071476083591671,0.4278284527233564,0.8063725490196079,0.82560706401766,0.8957459701854321
84,0.3039465109263461,0.4285785583596603,0.7990196078431373,0.8169642857142857,0.8941219246151981
85,0.3064148529541273,0.4397852567627149,0.803921568627451,0.8214285714285714,0.8866319234032238
86,0.2939805968773145,0.4557387086690641,0.8063725490196079,0.8240534521158129,0.8842322142770573
87,0.3029904502301128,0.4534762902550545,0.803921568627451,0.8190045248868778,0.885468428069325
88,0.3109402425084377,0.4728018733325834,0.8088235294117647,0.821917808219178,0.8772512422736637
89,0.3038897694985559,0.4534153013910149,0.8063725490196079,0.8293736501079914,0.8785601745243001
90,0.3002482555395255,0.4444901242706121,0.821078431372549,0.8381374722838137,0.884789722457884
91,0.2991135533236287,0.4643592476187383,0.803921568627451,0.817351598173516,0.886825839292207
92,0.3015192627723963,0.4408181631828056,0.7965686274509803,0.8191721132897604,0.8857350624166765
93,0.2964758823620029,0.4415922807529568,0.8014705882352942,0.8203991130820399,0.8889831535571445
94,0.3083277954462847,0.446645386444003,0.8235294117647058,0.8441558441558441,0.8790449642467579
95,0.294732808042889,0.4504161970872505,0.8088235294117647,0.8296943231441049,0.8864864864864865
96,0.2946782228039817,0.4524584730137505,0.8088235294117647,0.8227272727272728,0.8887165192097928
97,0.2992839303850396,0.4490557357796705,0.7990196078431373,0.8169642857142857,0.8876984607926313
98,0.2983092740452363,0.4685602993065235,0.803921568627451,0.8230088495575221,0.8804266149557629
99,0.2873859384674236,0.4406521752768871,0.8088235294117647,0.8258928571428571,0.8931523451702824
100,0.2935690260372279,0.4562019544160541,0.8014705882352942,0.824295010845987,0.8815173918312932
101,0.284509350697687,0.5006011599473947,0.8014705882352942,0.8154897494305239,0.8758938310507817
102,0.2895252221566767,0.4551487663651214,0.7990196078431373,0.8177777777777778,0.8819779420676281
103,0.2773263727594738,0.4499253244595785,0.803921568627451,0.820627802690583,0.8908011150163616
104,0.2805833212437074,0.4800147860603151,0.803921568627451,0.8181818181818182,0.890461762210641
105,0.2867893073456419,0.4552891838236474,0.803921568627451,0.820627802690583,0.885686583444431
106,0.2813644995352973,0.4518350545389979,0.8088235294117647,0.8304347826086956,0.8811053205672039
107,0.2957767420202676,0.4961001683099597,0.7916666666666666,0.802784222737819,0.8684038298388075
108,0.280368906990882,0.4962027119198704,0.7892156862745098,0.7981220657276995,0.8850078778329898
109,0.2846419387434158,0.4927901831254655,0.8088235294117647,0.8258928571428571,0.8708035389649738
110,0.2776344583444068,0.4743669158550819,0.8161764705882353,0.8283752860411899,0.8919646103502605
111,0.2867211082595989,0.4595080334875805,0.8137254901960784,0.8295964125560538,0.8834807902072476
112,0.2780115971901665,0.4332895274182745,0.8137254901960784,0.831858407079646,0.8952127014907284
113,0.277377242160721,0.4571452911431883,0.8161764705882353,0.8337028824833703,0.8848866804023754
114,0.2844721873845059,0.4716121523239303,0.7990196078431373,0.8101851851851852,0.8916979760029087
115,0.2776677881830309,0.4292647064681731,0.8259803921568627,0.8459869848156182,0.8927160344200704
116,0.2734530716220294,0.4716496237681484,0.8112745098039216,0.8269662921348314,0.8869470367228215
117,0.2729867087551421,0.4525493136515804,0.8259803921568627,0.843956043956044,0.8897345776269543
118,0.2876861412100996,0.4522651599939255,0.8112745098039216,0.8261851015801355,0.8942673615319354
119,0.2763351036452808,0.4524202022573673,0.8161764705882353,0.8337028824833703,0.8920373288086293
120,0.2735775231766554,0.4558538525712256,0.821078431372549,0.8366890380313199,0.8924009211004726
121,0.2760191217156276,0.4697115868147389,0.8014705882352942,0.8137931034482758,0.8910435098775905
122,0.26895050914741,0.4645801215049098,0.8137254901960784,0.8240740740740741,0.8919888498363834
123,0.2819382394384021,0.5026874726309496,0.8063725490196079,0.8167053364269141,0.8795055144830929
124,0.2681614782546926,0.4846848633834252,0.803921568627451,0.8190045248868778,0.8863168100836262
125,0.2614044708708312,0.4826867934316396,0.8112745098039216,0.8269662921348314,0.8869470367228214
126,0.2813283351484252,0.4482542954695721,0.8161764705882353,0.8322147651006712,0.89346745848988
127,0.2691354658340384,0.4528748410863473,0.8161764705882353,0.8299319727891157,0.8924251605865955
128,0.2765584545815649,0.4734941300954304,0.803921568627451,0.820627802690583,0.8891770694461277
129,0.2685852586126035,0.4782136198334104,0.803921568627451,0.8198198198198198,0.8851533147497271
130,0.2719439375802783,0.4422575758916198,0.8137254901960784,0.8354978354978355,0.8926190764755787
131,0.2784578871141913,0.4642208113755081,0.8137254901960784,0.831858407079646,0.8823415343594715
132,0.2721598622074888,0.4473701692460214,0.8186274509803921,0.8391304347826087,0.8901951278632892
133,0.2691920784719151,0.4979946370437449,0.8063725490196079,0.8192219679633868,0.8845230881105319
134,0.2686392509315642,0.4523638002300525,0.8088235294117647,0.8296943231441049,0.894364319476427
135,0.2750586411704315,0.4413902274716426,0.8235294117647058,0.84,0.8958671676160466
136,0.2688750318222982,0.492136229614855,0.8088235294117647,0.8227272727272728,0.8813477154284329
137,0.2639553978033592,0.5127903578035972,0.8014705882352942,0.8250539956803455,0.8790207247606351
138,0.2594116624147614,0.4796676128445303,0.8112745098039216,0.8277404921700223,0.8783177796630711
139,0.2636027906935639,0.4702254667257269,0.8161764705882353,0.8322147651006712,0.8851290752636043
140,0.2604507195986121,0.4797021411541922,0.8088235294117647,0.8258928571428571,0.8881105320567204
141,0.2664157676550508,0.4759842682739391,0.8014705882352942,0.8195991091314031,0.887722700278754
142,0.2762879800028596,0.4571720485885938,0.8186274509803921,0.8348214285714286,0.8918918918918919
143,0.2679438245077075,0.4684417888193446,0.8186274509803921,0.832579185520362,0.8894921827657254
144,0.2587324847655793,0.458929422731493,0.8137254901960784,0.8311111111111111,0.8841837353048116
145,0.2633468379637946,0.4460689150089142,0.8284313725490197,0.8444444444444444,0.8954550963519574
146,0.2535740427078645,0.4581102746739691,0.8137254901960784,0.831858407079646,0.8926917949339475
147,0.2546159616642934,0.4710138600465713,0.8088235294117647,0.8266666666666667,0.8912374257665736
148,0.2586845379665585,0.4342611307533933,0.8357843137254902,0.8527472527472527,0.897345776269543
149,0.266648250196609,0.4714747166407166,0.8186274509803921,0.8370044052863436,0.8945582353654102
150,0.2572739224858079,0.4450453458463444,0.8235294117647058,0.8392857142857143,0.8985577505756878
151,0.2402425778058409,0.4184869703124551,0.8137254901960784,0.8325991189427313,0.9051024118288692
152,0.2510835318477607,0.4550479671680459,0.8186274509803921,0.8370044052863436,0.8980002423948612
153,0.2537552570272808,0.4545203999013585,0.7990196078431373,0.8193832599118943,0.8934189795176342
154,0.2510644630603263,0.4526897297952981,0.8161764705882353,0.8314606741573034,0.8944127984486729
155,0.2580202089131244,0.4949614570713511,0.8014705882352942,0.8137931034482758,0.8852745121803418
156,0.2559117631861037,0.4650302671772592,0.7941176470588235,0.8073394495412844,0.8918191734335232
157,0.2604278221634999,0.4654728618322634,0.8063725490196079,0.8192219679633868,0.8959156465882924
158,0.2455669773136911,0.4493783079452959,0.8186274509803921,0.8384279475982532,0.8977336080475093
159,0.2561724904033304,0.4442457116263754,0.8186274509803921,0.8340807174887892,0.9022906314386137
160,0.2567061275792268,0.4273171388343268,0.8284313725490197,0.8484848484848485,0.8948975881711307
161,0.255061525654939,0.4272681523625757,0.8063725490196079,0.82560706401766,0.9024845473275966
162,0.2526482429423946,0.4636086635108964,0.8259803921568627,0.8432671081677704,0.8961822809356441
163,0.2509895311177142,0.4553508241386974,0.803921568627451,0.820627802690583,0.8982911162283359
164,0.2560002637055754,0.4900409795033435,0.803921568627451,0.817351598173516,0.8903648042661495
165,0.2564607355949337,0.4665617976045492,0.8063725490196079,0.8271334792122538,0.8894679432796024
166,0.2368806873362488,0.4776494444220089,0.8186274509803921,0.832579185520362,0.8973215367834202
167,0.255648357955956,0.4545584762578501,0.8137254901960784,0.8325991189427313,0.8973215367834202
168,0.2552020869006408,0.4769551368685914,0.8063725490196079,0.8293736501079914,0.8950430250878681
169,0.2540766026893276,0.4522474856828065,0.8186274509803921,0.8384279475982532,0.8943643194764271
170,0.2404790741168648,0.5127831130772463,0.8161764705882353,0.8251748251748252,0.891867652405769
171,0.2503273486908228,0.4474154722091614,0.8186274509803921,0.8370044052863436,0.8950187856017452
172,0.256648588180542,0.4596726186299587,0.8161764705882353,0.8299319727891157,0.8933947400315113
173,0.2473623001502335,0.4391453381919977,0.8161764705882353,0.8351648351648352,0.902193673494122
174,0.2353406473537164,0.4864909810415816,0.8186274509803921,0.8318181818181818,0.8965701127136104
175,0.2439368378896654,0.4731311700032914,0.8137254901960784,0.8248847926267281,0.8957459701854322
176,0.2360450468728878,0.4804394180320349,0.8112745098039216,0.8261851015801355,0.8921585262392437
177,0.2482225947584842,0.4921258266869129,0.803921568627451,0.8130841121495327,0.8991637377287601
178,0.2456104871319847,0.4415849607949163,0.8259803921568627,0.8432671081677704,0.8991637377287601
179,0.2333659746347029,0.4381385843141698,0.821078431372549,0.8388520971302428,0.897588171130772
180,0.2478252883154921,0.4362723074086448,0.8186274509803921,0.8355555555555556,0.8999151617985698
181,0.239287032433814,0.4409538295631315,0.821078431372549,0.843010752688172,0.8960853229911525
182,0.2531703744746424,0.4587997116659786,0.821078431372549,0.8381374722838137,0.8960368440189067
183,0.2492193998734644,0.4532750631664313,0.8161764705882353,0.8322147651006712,0.8986304690340565
184,0.239519792008985,0.4785821342146864,0.8161764705882353,0.8337028824833703,0.8912131862804508
185,0.2424706442041631,0.4721232756753178,0.8186274509803921,0.832579185520362,0.8958914071021694
186,0.2433733812687587,0.4537465139566099,0.8137254901960784,0.8288288288288288,0.8994546115622348
187,0.2458688220911962,0.4648977682524013,0.8137254901960784,0.8303571428571429,0.8976608895891407
188,0.2447661475352714,0.4679975631811163,0.8137254901960784,0.8264840182648402,0.8952611804629742
189,0.2284884848843323,0.4401601621168939,0.8284313725490197,0.8458149779735683,0.9035268452308812
190,0.236132512337591,0.4775502323629517,0.7965686274509803,0.8100686498855835,0.8924494000727184
191,0.2358976442206856,0.4395329422481796,0.8161764705882353,0.8322147651006712,0.9046418615925342
192,0.2379863722924074,0.4505845905993791,0.8235294117647058,0.8385650224215246,0.906071991273785
193,0.2444510579109192,0.4537146794883644,0.8161764705882353,0.8291571753986332,0.9050539328566234
194,0.244919503429916,0.4601067555976995,0.8137254901960784,0.8295964125560538,0.8984123136589504
195,0.2356290973585807,0.4393131833925259,0.8112745098039216,0.8246013667425968,0.9059023148709248
196,0.2384634120698355,0.4801172185643558,0.821078431372549,0.835214446952596,0.8936371348927402
197,0.2391808724476516,0.4494166633698578,0.8186274509803921,0.8348214285714286,0.9010786571324688
198,0.2330723741486028,0.4594366291136134,0.821078431372549,0.8344671201814059,0.8966428311719792
199,0.2304414594283133,0.4624531623615208,0.8186274509803921,0.8287037037037037,0.90267846321658
200,0.233697732277443,0.4830032007440048,0.8088235294117647,0.8235294117647058,0.8953823778935885
201,0.2365791340912778,0.4646631613665936,0.8186274509803921,0.8333333333333334,0.8965458732274877
202,0.2386159560614568,0.4342787341379067,0.821078431372549,0.8344671201814059,0.9059992728154164
203,0.221866973082712,0.4713329072384273,0.8088235294117647,0.8258928571428571,0.8982183977699673
204,0.2379163549355934,0.4489052831834438,0.8235294117647058,0.8392857142857143,0.8997939643679553
205,0.2394827275005586,0.4500235257962462,0.8235294117647058,0.84,0.8984123136589505
206,0.2288676145252274,0.4556637605031331,0.8186274509803921,0.8355555555555556,0.9018785601745244
207,0.2296993850930336,0.4621747901444049,0.8112745098039216,0.8246013667425968,0.90745364198279
208,0.2300993200642931,0.4450397276885661,0.8235294117647058,0.8407079646017699,0.9007393043267482
209,0.2274922243290883,0.4851722488654594,0.8137254901960784,0.8295964125560538,0.8979275239364924
210,0.2250866863442344,0.449110903567178,0.8137254901960784,0.8288288288288288,0.9052478487456066
211,0.2310552513489694,0.4474274634073178,0.8235294117647058,0.8385650224215246,0.8985335110895649
212,0.2180438297475042,0.4693730321584963,0.8137254901960784,0.8288288288288288,0.900351472548782
213,0.2284227471410131,0.4833283381920089,0.8284313725490197,0.8423423423423423,0.897830565992001
214,0.2338433916583383,0.4429510011903795,0.8186274509803921,0.8333333333333334,0.9054902436068356
215,0.228454440832138,0.4566934101794864,0.8137254901960784,0.8303571428571429,0.9022906314386134
216,0.2201937051912758,0.4552240682692796,0.8235294117647058,0.8407079646017699,0.9019997576051388
217,0.2365496973684229,0.4332188876784023,0.8235294117647058,0.8385650224215246,0.9095382377893588
218,0.2322870458927622,0.4624217768729317,0.8161764705882353,0.8314606741573034,0.9032117319112832
219,0.2172138706672411,0.4885452203543893,0.8235294117647058,0.8356164383561644,0.903066294994546
220,0.236215875137803,0.4613718277884318,0.8186274509803921,0.832579185520362,0.9031390134529148
221,0.2292693733803333,0.4451550486607148,0.8284313725490197,0.8430493273542601,0.9089322506362864
222,0.2168161414152274,0.445664795517337,0.8235294117647058,0.84,0.9051024118288692
223,0.2197666108242573,0.4525406190066361,0.8186274509803921,0.8362831858407079,0.9052236092594836
224,0.2229513135058748,0.4676825371479579,0.8186274509803921,0.8348214285714286,0.903551084717004
225,0.2309956827320935,0.4706282203688341,0.8063725490196079,0.8248337028824834,0.8989455823536541
226,0.233079975020666,0.4597458160098861,0.821078431372549,0.8388520971302428,0.8977820870197551
227,0.2197250765342654,0.4602119911681203,0.8235294117647058,0.8392857142857143,0.9032602108835291
228,0.2195901667779208,0.484016391722595,0.8259803921568627,0.8404494382022472,0.8996242879650951
229,0.2214673165163379,0.4464007502458259,0.8382352941176471,0.8589743589743589,0.9099018300812022
230,0.2116756353093071,0.4558005622387224,0.821078431372549,0.8402625820568927,0.9068234153435948
231,0.2374679925617265,0.4803843771052711,0.8161764705882353,0.8337028824833703,0.8938795297539691
232,0.219686605118535,0.4280085000483429,0.8284313725490197,0.84375,0.9142649375833232
233,0.2183296208732698,0.4626797048795019,0.8235294117647058,0.8385650224215246,0.9035995636892498
234,0.2152096620000944,0.4499454366262345,0.8186274509803921,0.8348214285714286,0.9077929947885104
235,0.2190614683862112,0.4570221446509309,0.8161764705882353,0.8299319727891157,0.9087383347473034
236,0.2218103762418946,0.4537418245009201,0.8259803921568627,0.8418708240534521,0.907889952733002
237,0.231108170546637,0.4473830246019597,0.8235294117647058,0.8407079646017699,0.9015634468549266
238,0.2115499005727241,0.4613735868011181,0.8284313725490197,0.8464912280701754,0.9032117319112832
239,0.2137587002449971,0.451029054455313,0.8333333333333334,0.8502202643171806,0.9102896618591686
240,0.2354882646557743,0.4439466737722065,0.8333333333333334,0.8508771929824561,0.9058053569264332
241,0.2156621061036923,0.4590852579795846,0.821078431372549,0.8366890380313199,0.904714580050903
242,0.2232728903461819,0.4580125345063268,0.8186274509803921,0.8362831858407079,0.9055387225790812
243,0.2067700832899362,0.5121218697989688,0.8259803921568627,0.8432671081677704,0.894849109198885
244,0.2161426874391871,0.4563610023618036,0.8308823529411765,0.8463251670378619,0.9073809235244212
245,0.2223253251493342,0.4647069042548537,0.8235294117647058,0.84,0.9022663919524906
246,0.2184557770018928,0.45870166644454,0.8259803921568627,0.8404494382022472,0.9048357774815174
247,0.2143680028571672,0.4716688853268529,0.8235294117647058,0.8385650224215246,0.9072354866076838
248,0.2192621314452469,0.5001504024965506,0.821078431372549,0.8337129840546698,0.8956974912131863
249,0.2135474633311201,0.4510497675076419,0.8308823529411765,0.8449438202247191,0.9068961338019637
250,0.2125546404737636,0.4429728912335692,0.821078431372549,0.8374164810690423,0.9118894679432796
251,0.219998768794756,0.4465568776187651,0.8259803921568627,0.8446389496717724,0.9061931887043996
252,0.2162853412924368,0.4660766751998487,0.821078431372549,0.8374164810690423,0.9052720882317294
253,0.226951309764312,0.475777069344094,0.821078431372549,0.8359550561797753,0.9052478487456064
254,0.2142456680353433,0.4675429961370194,0.8161764705882353,0.8299319727891157,0.9053448066900982
255,0.2158775870236882,0.4440893305319489,0.8186274509803921,0.8355555555555556,0.9064598230517512
256,0.2195104493319622,0.4770944240667364,0.821078431372549,0.8381374722838137,0.9016361653132954
257,0.2267539417633981,0.4685431858433374,0.8235294117647058,0.8392857142857143,0.9052236092594838
258,0.2126520980995125,0.4521421203663682,0.8284313725490197,0.84375,0.9114531571930676
259,0.205872398432047,0.4604066998752601,0.821078431372549,0.8381374722838137,0.9059023148709248
260,0.2037764157437108,0.4731698227525853,0.821078431372549,0.8344671201814059,0.9098048721367108
261,0.207537448680474,0.4737808935472047,0.8284313725490197,0.8458149779735683,0.9045206641619198
262,0.2103129307733723,0.455171606622125,0.821078431372549,0.8381374722838137,0.9088352926917947
263,0.2053059292351541,0.4899544252411407,0.8161764705882353,0.8306997742663657,0.9022663919524906
264,0.207386275467697,0.4575331103166236,0.8235294117647058,0.8392857142857143,0.9039146770088472
265,0.2122565515750756,0.4593914990386396,0.8235294117647058,0.84,0.90745364198279
266,0.2138252559615059,0.4443889836798988,0.8308823529411765,0.8463251670378619,0.9080596291358622
267,0.2090767732427164,0.454943362696498,0.8259803921568627,0.843956043956044,0.9037450006059872
268,0.2058371954900355,0.4570737231029745,0.8284313725490197,0.8444444444444444,0.9062659071627682
269,0.2016832293725452,0.4850806833482256,0.8259803921568627,0.8404494382022472,0.906750696885226
270,0.2201882901915743,0.4743322027007154,0.8333333333333334,0.8475336322869955,0.9059992728154164
271,0.2040353206586252,0.4627738039137101,0.8186274509803921,0.832579185520362,0.9122045812628772
272,0.2028618510698248,0.4573386264599713,0.8308823529411765,0.849015317286652,0.9060235123015392
273,0.2216903519593865,0.4699237700003911,0.8161764705882353,0.8344370860927153,0.9076960368440188
274,0.2113299975000276,0.4887106447553664,0.8235294117647058,0.8392857142857143,0.9036480426614956
275,0.20626041005177,0.467940305277486,0.8333333333333334,0.8488888888888889,0.9075748394134044
276,0.2084975587444071,0.4639378914463462,0.8382352941176471,0.8571428571428571,0.9042297903284452
277,0.2043165357200645,0.4447614194313977,0.8406862745098039,0.8552338530066815,0.9127863289298268
278,0.2058180073927516,0.4782556078542827,0.821078431372549,0.8329519450800915,0.908641376802812
279,0.2100516297151706,0.4662409089779591,0.8333333333333334,0.8461538461538461,0.9093200824142528
280,0.2156117170866281,0.5318845622241497,0.8137254901960784,0.8264840182648402,0.8984123136589504
281,0.2141434678636445,0.4827889067979127,0.8308823529411765,0.8435374149659864,0.9052236092594836
282,0.205273462182905,0.4552802854564552,0.8308823529411765,0.8470066518847007,0.9080111501636166
283,0.2055938698397092,0.4567071857095203,0.8357843137254902,0.8507795100222717,0.9108229305538724
284,0.2037207897912505,0.4768307019280745,0.8308823529411765,0.8483516483516483,0.9075505999272816
285,0.2081193064619427,0.4748335655815169,0.8161764705882353,0.8358862144420132,0.9062174281905224
286,0.1973614671296137,0.4650776161100058,0.8333333333333334,0.8495575221238938,0.910410859289783
287,0.1990007886948761,0.4988067436497658,0.8235294117647058,0.84,0.9055872015513272
288,0.2129131252323191,0.4556425251614521,0.8235294117647058,0.8421052631578947,0.909247363955884
289,0.2061863814212061,0.468965598966415,0.8284313725490197,0.8458149779735683,0.9043025087868136
290,0.207602604656863,0.4774223532819864,0.8235294117647058,0.8454935622317596,0.903526845230881
291,0.2000211555533614,0.4579465928140516,0.8333333333333334,0.8495575221238938,0.9094412798448672
292,0.2044831740709901,0.4833354031274497,0.821078431372549,0.8337129840546698,0.907889952733002
293,0.1973459323125382,0.4826591305854712,0.8284313725490197,0.8464912280701754,0.9057568779541874
294,0.2067539976784056,0.4956123709185597,0.8357843137254902,0.8520971302428256,0.9051266513149924
295,0.2009036957851948,0.4673320200002077,0.821078431372549,0.8374164810690423,0.9036480426614956
296,0.2138412599548971,0.5142535037342825,0.803921568627451,0.8148148148148148,0.9011028966185916
297,0.2068705334436674,0.4543926150118019,0.8235294117647058,0.8407079646017699,0.9078172342746332
298,0.2028726813251986,0.430476294793919,0.8357843137254902,0.8533916849015317,0.912228820749
299,0.1934262232912098,0.4918375592130948,0.8284313725490197,0.8430493273542601,0.9081808265664768
300,0.1909785337243343,0.4654715998536524,0.8308823529411765,0.8449438202247191,0.9108956490122412
301,0.1921318024945405,0.4898194001951054,0.8259803921568627,0.8404494382022472,0.9059023148709248
302,0.2096876420126371,0.4631789684587833,0.8235294117647058,0.84,0.9054902436068356
303,0.1970590218627379,0.4607533166440679,0.8308823529411765,0.8449438202247191,0.9083989819415828
304,0.1905978784056529,0.4941255343146622,0.8259803921568627,0.8382687927107062,0.9069930917464548
305,0.2022254229323264,0.4885053630808697,0.8137254901960784,0.8295964125560538,0.9030905344806688
306,0.1939187011835765,0.4933555601392964,0.8161764705882353,0.8329621380846325,0.9079626711913708
307,0.2075121647649747,0.4725266579885547,0.8259803921568627,0.8446389496717724,0.9038904375227244
308,0.1947510026349611,0.4803940774233756,0.8284313725490197,0.8451327433628318,0.9094170403587444
309,0.1957180541717201,0.4771326612042007,0.8235294117647058,0.8407079646017699,0.9093928008726216
310,0.1976038748318432,0.4736010375085707,0.8186274509803921,0.8370044052863436,0.9067022179129802
311,0.2063958391821457,0.4968801181599059,0.8308823529411765,0.8449438202247191,0.9066294994546116
312,0.2040035862498488,0.475252492202665,0.8186274509803921,0.8348214285714286,0.9080838686219852
313,0.2000486405257798,0.4897665682193987,0.8186274509803921,0.8333333333333334,0.9055144830929585
314,0.2022309632937601,0.4635293562120448,0.821078431372549,0.8381374722838137,0.90946551933099
315,0.1903158305749937,0.4676058059649579,0.8284313725490197,0.8444444444444444,0.9099745485395708
316,0.1962924747013607,0.4931768577354138,0.821078431372549,0.8344671201814059,0.9078414737607564
317,0.2005135536742356,0.4760865497713287,0.8137254901960784,0.8295964125560538,0.9045933826202884
318,0.1921041914107609,0.487002821219172,0.821078431372549,0.8388520971302428,0.9041570718700764
319,0.1942361279682147,0.4506189795576182,0.8333333333333334,0.8502202643171806,0.9130287237910556
320,0.191995801406404,0.4825300897206819,0.8112745098039216,0.8277404921700223,0.911816749484911
321,0.1948447038242422,0.4838297149330816,0.8186274509803921,0.8362831858407079,0.9082777845109684
322,0.193495625659732,0.4723846055475958,0.8235294117647058,0.8407079646017699,0.9079869106774936
323,0.1983119559799966,0.4679250521311426,0.8259803921568627,0.843956043956044,0.9116713125681736
324,0.1946630276053961,0.4735740346414055,0.821078431372549,0.8374164810690423,0.9135377529996364
325,0.187165594704312,0.4850637390479153,0.8259803921568627,0.8418708240534521,0.9114773966791904
326,0.2016444330200827,0.4540756683540987,0.8308823529411765,0.8503253796095445,0.9128105684159497
327,0.1978774658924231,0.4598205515877435,0.8088235294117647,0.8281938325991189,0.907914192219125
328,0.1952497605165821,0.4553300905881413,0.8186274509803921,0.8355555555555556,0.9091019270391468
329,0.1902439522414119,0.4700210268572703,0.8259803921568627,0.8411633109619687,0.9114773966791904
330,0.2034045155794342,0.4794461428023436,0.8235294117647058,0.8378378378378378,0.908641376802812
331,0.1974811725089886,0.5260927067777398,0.8259803921568627,0.8390022675736961,0.9073324445521757
332,0.1974032988760369,0.5062742362474548,0.8357843137254902,0.8514412416851441,0.9044237062174282
333,0.1933819141490327,0.4900537606913085,0.8284313725490197,0.8458149779735683,0.9025087868137196
334,0.1888572343836533,0.4847868998151491,0.8382352941176471,0.8546255506607929,0.9062174281905224
335,0.1918374702974331,0.4714181779189875,0.8308823529411765,0.8435374149659864,0.9159859410980488
336,0.1869009461688117,0.4580314760096371,0.8235294117647058,0.84,0.9141922191249544
337,0.1918607130006778,0.482768020802634,0.8235294117647058,0.8407079646017699,0.9064355835656284
338,0.1982011088564352,0.488911519069042,0.8161764705882353,0.8337028824833703,0.9114046782208216
339,0.1917056150780133,0.50042163200366,0.8259803921568627,0.8404494382022472,0.903551084717004
340,0.1842394119939921,0.4901253736952283,0.8333333333333334,0.8488888888888889,0.9076475578717732
341,0.1854330055827012,0.4769435828076858,0.8186274509803921,0.8362831858407079,0.9082777845109684
342,0.1821308281158377,0.4897953694795861,0.8235294117647058,0.8414096916299559,0.900569627923888
343,0.1881487195842836,0.5125353423805505,0.8235294117647058,0.84,0.9059750333292934
344,0.1954372543681618,0.4774357473258586,0.8137254901960784,0.8303571428571429,0.90929584292813
345,0.1932839656351534,0.4783543819360727,0.821078431372549,0.8344671201814059,0.9125196945824748
346,0.1952336890748673,0.5064313930240186,0.8284313725490197,0.8444444444444444,0.9050296933705004
347,0.1899217218343465,0.4887950927219993,0.821078431372549,0.8359550561797753,0.9134650345412676
348,0.1908599640694132,0.4761825979267265,0.821078431372549,0.840958605664488,0.9051993697733608
349,0.1923987451323702,0.462268982137389,0.8333333333333334,0.8502202643171806,0.912471215610229
350,0.1837721998523349,0.526909621541991,0.8235294117647058,0.8378378378378378,0.9034783662586354
351,0.1927673744094883,0.4925642162744029,0.821078431372549,0.8388520971302428,0.9045933826202884
352,0.1905094982473396,0.4816622956126344,0.8333333333333334,0.8495575221238938,0.907017331232578
353,0.1913622763990624,0.4826556325561422,0.8308823529411765,0.8463251670378619,0.9100230275118169
354,0.197867538428014,0.4764345520331214,0.8308823529411765,0.8456375838926175,0.9111138043873468
355,0.19863323379148,0.4779839245054652,0.8333333333333334,0.8508771929824561,0.908835292691795
356,0.190895825222226,0.472041005716093,0.8333333333333334,0.8488888888888889,0.9138286268331112
357,0.1847420195311856,0.4944940158165991,0.8259803921568627,0.8411633109619687,0.9123984971518604
358,0.185497377931706,0.4611830563083583,0.8284313725490197,0.8444444444444444,0.9155496303478368
359,0.1833424474564066,0.4964488231777852,0.8308823529411765,0.847682119205298,0.9133195976245304
360,0.1836738939665577,0.4613237505705625,0.8382352941176471,0.8546255506607929,0.9131499212216702
361,0.1895866330050252,0.4953811466785184,0.8186274509803921,0.8348214285714286,0.908811053205672
362,0.1965085359987305,0.5088420123701879,0.8259803921568627,0.8404494382022472,0.906265907162768
363,0.1898089118438995,0.4880504752417989,0.8308823529411765,0.8456375838926175,0.9115016361653132
364,0.19237409916255,0.4888828003632964,0.8235294117647058,0.8385650224215246,0.9039389164949704
365,0.1833309525909599,0.5085644027282137,0.8308823529411765,0.8435374149659864,0.9100957459701854
366,0.1749575598108256,0.4688646579891735,0.821078431372549,0.8381374722838137,0.912907526360441
367,0.1841118167880122,0.5131958598891894,0.8235294117647058,0.8392857142857143,0.9072597260938068
368,0.1899257967991331,0.4948693137688964,0.8333333333333334,0.8482142857142857,0.9085201793721972
369,0.1765732926642236,0.5491000044013501,0.8235294117647058,0.8371040723981901,0.9033086898557752
370,0.1816658268676945,0.507969986282143,0.8431372549019608,0.8584070796460177,0.9061931887043996
371,0.1839681542815606,0.5282711059713334,0.8357843137254902,0.8487584650112867,0.9077929947885104
372,0.1859575994906981,0.5155742305933553,0.8382352941176471,0.8533333333333334,0.9070658102048236
373,0.1915217785747504,0.5183172602133423,0.8186274509803921,0.8310502283105022,0.905393285662344
374,0.1776857956238319,0.5269453345030984,0.8284313725490197,0.8451327433628318,0.9058538358986792
375,0.1877735067364628,0.5011554664986975,0.821078431372549,0.835214446952596,0.9114046782208216
376,0.1849288131744583,0.4834118514668707,0.8382352941176471,0.8565217391304348,0.9071385286631924
377,0.1824341393138733,0.4889350778551078,0.8406862745098039,0.854586129753915,0.909950309053448
378,0.1881311693988694,0.4643278381988114,0.8357843137254902,0.8507795100222717,0.912253060235123
379,0.1900606883632624,0.4979462852957202,0.8357843137254902,0.849438202247191,0.9108229305538722
380,0.1820439221668828,0.5035443230002534,0.8333333333333334,0.8495575221238938,0.9054417646345896
381,0.1765622913106087,0.5208749116270566,0.8284313725490197,0.8430493273542601,0.907429402496667
382,0.1872144573305282,0.5052152924312681,0.8259803921568627,0.8459869848156182,0.9078657132468791
383,0.1732279376383939,0.5100288393304628,0.8259803921568627,0.8411633109619687,0.909950309053448
384,0.1753211538484491,0.5422468226329953,0.8284313725490197,0.8409090909090909,0.9085444188583202
385,0.1805884024482563,0.5514284693544694,0.8259803921568627,0.8404494382022472,0.9048115379953944
386,0.1837808929795136,0.4973706826385037,0.8357843137254902,0.8533916849015317,0.910895649012241
387,0.1875991469877629,0.4957584633911941,0.8333333333333334,0.8508771929824561,0.9052478487456066
388,0.1795822088703787,0.5056263312843501,0.8406862745098039,0.8565121412803532,0.907696036844019
389,0.1752215643601914,0.5162109910400913,0.8284313725490197,0.84375,0.9091019270391468
390,0.1809976852744635,0.5111523271702668,0.8308823529411765,0.8449438202247191,0.9076475578717732
391,0.1826333092034228,0.4945562025988657,0.8333333333333334,0.8488888888888889,0.9134407950551447
392,0.1771846349619649,0.5250176412656027,0.8357843137254902,0.8487584650112867,0.910192703914677
393,0.1833291497515754,0.5092221495384971,0.8284313725490197,0.84375,0.9125681735547206
394,0.1796670764136168,0.4922485742489716,0.8308823529411765,0.8442437923250564,0.9173675918070536
395,0.1669886221914935,0.522935026854861,0.8406862745098039,0.8539325842696629,0.909271603442007
396,0.1869119762460147,0.5064596956705346,0.8357843137254902,0.8520971302428256,0.908156587080354
397,0.1749116250890895,0.4981102013147856,0.8259803921568627,0.8404494382022472,0.9085444188583204
398,0.1745368872317799,0.5008350787136484,0.8235294117647058,0.8378378378378378,0.9132953581384076
399,0.1794796474506518,0.5017234598304711,0.8235294117647058,0.8407079646017699,0.9099018300812024
400,0.1659793873871762,0.5316070134331491,0.8284313725490197,0.8423423423423423,0.9068476548297176
401,0.1819986543041065,0.4962560451388651,0.8235294117647058,0.8392857142857143,0.9133923160828992
402,0.1817618078249364,0.5070588586431947,0.8259803921568627,0.8432671081677704,0.9111865228457156
403,0.1724643353761339,0.523983041532155,0.8186274509803921,0.8362831858407079,0.9107017331232578
404,0.1849673081395084,0.4926306618852358,0.8284313725490197,0.8458149779735683,0.9113804387346988
405,0.1870432353458521,0.4797347873887595,0.8308823529411765,0.8496732026143791,0.9132226396800388
406,0.1836210056865142,0.5243044540048668,0.8259803921568627,0.8390022675736961,0.9072112471215612
407,0.1734619078414937,0.5011602256300987,0.8235294117647058,0.8385650224215246,0.9114531571930676
408,0.1792456185342344,0.5143300894026955,0.8284313725490197,0.8416289592760181,0.9134892740273908
409,0.1871503423145212,0.476841704572971,0.8308823529411765,0.8456375838926175,0.9141679796388316
410,0.1778453791982557,0.4933265059565504,0.8333333333333334,0.8482142857142857,0.9125439340685976
411,0.1798718930936298,0.4755789126342564,0.8259803921568627,0.8425720620842572,0.9165919282511212
412,0.200938239126849,0.4774385917402219,0.8186274509803921,0.8362831858407079,0.912010665373894
413,0.1712569858764578,0.4690774669322897,0.8357843137254902,0.8533916849015317,0.913198400193916
414,0.1777621433595938,0.4899514409731708,0.8235294117647058,0.8392857142857143,0.9114289177069446
415,0.1767695713811125,0.4804193566955042,0.8235294117647058,0.8371040723981901,0.9124227366379832
416,0.1758982601798385,0.4875602469706506,0.8308823529411765,0.8463251670378619,0.9157920252090656
417,0.1911380373261457,0.4935827730588761,0.8333333333333334,0.8454545454545455,0.9146770088474124
418,0.1841813601599149,0.4951916646267123,0.8259803921568627,0.8404494382022472,0.909489758817113
419,0.1758972868231908,0.5122649808889073,0.8333333333333334,0.8488888888888889,0.9123257786934916
420,0.1663473326735701,0.5127821278886175,0.8333333333333334,0.8461538461538461,0.9172948733486852
421,0.1811434267854398,0.5217877539997811,0.8161764705882353,0.8291571753986332,0.9067264573991032
422,0.1823098493682826,0.5117398424064923,0.8308823529411765,0.8449438202247191,0.91130772027633
423,0.1799203227268406,0.5027452891911653,0.8259803921568627,0.843956043956044,0.9124469761241062
424,0.1759122648762047,0.4892564886706133,0.8308823529411765,0.8483516483516483,0.9131256817355472
425,0.1782594494475908,0.4820876601060815,0.8308823529411765,0.8456375838926175,0.9160344200702945
426,0.1781325564611177,0.4976721577638504,0.8308823529411765,0.8483516483516483,0.9101199854563082
427,0.1766447924031801,0.5457687708092671,0.8235294117647058,0.8392857142857143,0.9084959398860744
428,0.1727531293601346,0.5117457547435063,0.8431372549019608,0.8558558558558559,0.913392316082899
429,0.1808879332491225,0.5110952875704742,0.8308823529411765,0.8463251670378619,0.9100230275118169
430,0.1640213689189747,0.5373647958770686,0.8357843137254902,0.8501118568232662,0.9102411828869228
431,0.1782319675193973,0.5279450523484425,0.8259803921568627,0.8382687927107062,0.911574354623682
432,0.1754334947631403,0.5527591439073577,0.821078431372549,0.8381374722838137,0.906290146648891
433,0.1705441908968007,0.5294470532121611,0.8235294117647058,0.8363636363636363,0.907211247121561
434,0.1731761160072373,0.5059415383410513,0.8308823529411765,0.8463251670378619,0.90929584292813
435,0.1677318507816894,0.4872893876596993,0.8333333333333334,0.8482142857142857,0.9099987880256938
436,0.176364530229861,0.5228512245139071,0.8308823529411765,0.8470066518847007,0.904011634953339
437,0.1808206742709399,0.4982354407947437,0.8308823529411765,0.847682119205298,0.9093200824142528
438,0.1728283124010255,0.4959967261198543,0.8333333333333334,0.8495575221238938,0.9105805356926432
439,0.1741008329428046,0.5096861274876431,0.8333333333333334,0.8461538461538461,0.9155981093200825
440,0.1811120619437446,0.4824508195925577,0.8357843137254902,0.8520971302428256,0.9112350018179614
441,0.1781324865353619,0.5079862141762587,0.8308823529411765,0.8456375838926175,0.9110168464428554
442,0.1746805694754138,0.5302290466851464,0.8259803921568627,0.843956043956044,0.9047145800509032
443,0.162690368089025,0.5326929922745216,0.8235294117647058,0.8385650224215246,0.9109441279844868
444,0.1763016376758645,0.5415806569359904,0.8333333333333334,0.8440366972477065,0.911574354623682
445,0.1813390837308088,0.4933381030500373,0.8357843137254902,0.8514412416851441,0.9162283359592778
446,0.1730721752153584,0.4764084229976231,0.8284313725490197,0.8444444444444444,0.9176584656405284
447,0.1780518772366222,0.5222906977230427,0.8333333333333334,0.853448275862069,0.9083020239970911
448,0.1788997652706193,0.5029876289898347,0.8357843137254902,0.8501118568232662,0.9173918312931766
449,0.1712120380778254,0.5120028702670014,0.8235294117647058,0.84,0.9100230275118169
450,0.1611858129501343,0.5294023122017583,0.821078431372549,0.8359550561797753,0.9044479457035508
451,0.1696127256732776,0.5069976481882965,0.8284313725490197,0.84375,0.910410859289783
452,0.1712276742319388,0.5355308907946535,0.8284313725490197,0.8458149779735683,0.9072112471215612
453,0.1632981020157322,0.5471138452161469,0.8308823529411765,0.847682119205298,0.907211247121561
454,0.1788288394000632,0.5074079325605257,0.8308823529411765,0.8470066518847007,0.9107017331232578
455,0.1602178700496814,0.5279271482654354,0.8259803921568627,0.8418708240534521,0.9091019270391468
456,0.1622756404470812,0.4998753814976297,0.8308823529411765,0.8463251670378619,0.9125681735547206
457,0.1829353866584462,0.5101397363012474,0.8259803921568627,0.843956043956044,0.9088837716640408
458,0.1735711532136414,0.5196669748071215,0.8259803921568627,0.8418708240534521,0.9084474609138288
459,0.1601429383630401,0.5042601748935732,0.8382352941176471,0.8546255506607929,0.9126893709853352
460,0.175402781513571,0.5210407710469821,0.8333333333333334,0.8502202643171806,0.9104593382620288
461,0.1732369704114879,0.498158013192462,0.8333333333333334,0.851528384279476,0.911356199248576
462,0.1740008640325873,0.5115890312099866,0.8284313725490197,0.8430493273542601,0.9132226396800388
463,0.1768698804034777,0.4910562796627774,0.8382352941176471,0.852017937219731,0.9146770088474124
464,0.164118439690467,0.5202564612583385,0.8382352941176471,0.852017937219731,0.9138043873469884
465,0.1661767483123241,0.5201028265132039,0.8284313725490197,0.8423423423423423,0.9116470730820508
466,0.1612391015777558,0.5104532897992826,0.8357843137254902,0.8480725623582767,0.9182644527936008
467,0.1684488934059084,0.4813872432135337,0.821078431372549,0.8388520971302428,0.917488789237668
468,0.1648623869828651,0.5059301185001638,0.8382352941176471,0.8513513513513513,0.916179856987032
469,0.1677243987841108,0.4983640843545835,0.8406862745098039,0.8552338530066815,0.9160586595564174
470,0.1725905982628922,0.4883200821612833,0.8455882352941176,0.8603104212860311,0.9151375590837474
471,0.171296830941563,0.4994314981295782,0.8357843137254902,0.8501118568232662,0.9178281420433888
472,0.1661385587570857,0.4823586097096695,0.8406862745098039,0.854586129753915,0.9162283359592776
473,0.1634294129588121,0.558239920229158,0.8259803921568627,0.8382687927107062,0.9135377529996364
474,0.1718857725705105,0.4946693849348116,0.8235294117647058,0.8385650224215246,0.9143861350139376
475,0.1645867605699352,0.4907505897184213,0.8406862745098039,0.8571428571428571,0.9154284329172222
476,0.1714653579003972,0.5412171317227915,0.8284313725490197,0.8416289592760181,0.9084232214277058
477,0.1685637681213624,0.5296650623546585,0.8333333333333334,0.8495575221238938,0.9115258756514362
478,0.1675433667799446,0.526584959114153,0.8431372549019608,0.8596491228070176,0.9127378499575808
479,0.1687830585643557,0.5188896404944506,0.8406862745098039,0.8558758314855875,0.9103866198036602
480,0.1592197413824818,0.5442205972092993,0.8431372549019608,0.8577777777777778,0.9117682705126652
481,0.1537280796861356,0.4989261834507845,0.8308823529411765,0.8456375838926175,0.9184341291964612
482,0.1607163023180756,0.501251632064654,0.8406862745098039,0.8571428571428571,0.9155011513755908
483,0.1600094302757386,0.519654681287505,0.8308823529411765,0.8456375838926175,0.9157920252090656
484,0.1685566594995604,0.5063493476984292,0.8431372549019608,0.8577777777777778,0.9143861350139376
485,0.1693291247073858,0.5101823102016294,0.8431372549019608,0.8565022421524664,0.9171736759180704
486,0.1578032643334266,0.5332404367360926,0.8284313725490197,0.8423423423423423,0.9113561992485758
487,0.171461517295223,0.5099877049511883,0.8406862745098039,0.8552338530066815,0.9131256817355472
488,0.1720848714647117,0.5121833728854636,0.8333333333333334,0.8461538461538461,0.9137074294024966
489,0.1738570124459413,0.5216349657058862,0.8357843137254902,0.8533916849015317,0.9121318628045084
490,0.1629473912021133,0.519710302809436,0.8333333333333334,0.8475336322869955,0.9142406980972004
491,0.173236861441033,0.4754080684517747,0.8357843137254902,0.849438202247191,0.9196945824748516
492,0.1558779366177284,0.5042572914001843,0.8284313725490197,0.8458149779735683,0.9140710216943402
493,0.1696143692439319,0.5303794267295184,0.8431372549019608,0.8577777777777778,0.9116228335959276
494,0.1683385061157261,0.5434509122141582,0.8357843137254902,0.8514412416851441,0.9091261665252696
495,0.1764856551139632,0.5171487107872963,0.8235294117647058,0.8385650224215246,0.9099745485395708
496,0.1731962097568746,0.5207664144462815,0.8235294117647058,0.8434782608695652,0.9091504060113924
497,0.166864395068467,0.5173130268413647,0.8308823529411765,0.8463251670378619,0.9151133195976244
498,0.1719779749223791,0.509375289557319,0.8235294117647058,0.8371040723981901,0.91499212216701
499,0.1632304087829736,0.507204044774613,0.8308823529411765,0.8463251670378619,0.9116470730820504
500,0.1733159779405301,0.5223755413739413,0.8259803921568627,0.8459869848156182,0.908835292691795
501,0.1696605022562427,0.517006728515102,0.8333333333333334,0.8475336322869955,0.9132226396800388
502,0.1645826338990334,0.5123779262854334,0.8333333333333334,0.8475336322869955,0.9162283359592776
503,0.1485961823467096,0.5180252214857176,0.8308823529411765,0.8442437923250564,0.9156708277784512
504,0.1699411618197622,0.4950117403641343,0.8406862745098039,0.854586129753915,0.9156708277784512
505,0.1561056685411125,0.5034577411727286,0.8333333333333334,0.8482142857142857,0.9156708277784512
506,0.1651746630485804,0.5119904552851164,0.8480392156862745,0.8616071428571429,0.9160344200702946
507,0.1613807451688438,0.5645027585902854,0.8284313725490197,0.8401826484018264,0.9083989819415828
508,0.1708716045493728,0.5036878645232897,0.8308823529411765,0.8456375838926175,0.9158647436674344
509,0.1640156441213894,0.5186858067206819,0.8186274509803921,0.832579185520362,0.9144346139861834
510,0.1586384259667133,0.4986261689496756,0.8333333333333334,0.851528384279476,0.9144830929584292
511,0.1760390371815558,0.5202863895101473,0.8357843137254902,0.8487584650112867,0.9142164586110774
512,0.156835928870125,0.5093584373848987,0.8406862745098039,0.8532731376975169,0.9180705369046176
513,0.1656048105172584,0.5087445900483313,0.8357843137254902,0.8520971302428256,0.9153799539449764
514,0.1643813061933575,0.5401594315600746,0.8382352941176471,0.8493150684931506,0.9173918312931764
515,0.1629459390428168,0.5278588063722732,0.8431372549019608,0.8571428571428571,0.9131014422494244
516,0.1650664342327352,0.5243914125067201,0.8431372549019608,0.8552036199095022,0.9093443219003756
517,0.1686533202057235,0.5120454664597762,0.8308823529411765,0.8470066518847007,0.9097806326505878
518,0.177364939085545,0.4940155046973742,0.8333333333333334,0.8488888888888889,0.916349533389892
519,0.1655067021861398,0.5257961209543853,0.8235294117647058,0.8378378378378378,0.9108956490122408
520,0.1600036785463613,0.5089869033271337,0.8406862745098039,0.8526077097505669,0.9190885953217792
521,0.1555856840559309,0.5034209562502071,0.8333333333333334,0.8475336322869955,0.9172463943764394
522,0.15181847064773,0.5666694959269508,0.8308823529411765,0.8442437923250564,0.9117440310265422
523,0.168226510341182,0.4913465157881671,0.8504901960784313,0.8647450110864745,0.9160586595564172
524,0.1597532184943099,0.4970480499551722,0.8382352941176471,0.8526785714285714,0.913852866319234
525,0.1694110080142694,0.541568589981134,0.8455882352941176,0.8577878103837472,0.9157435462368196
526,0.1611216276518406,0.5246119652053013,0.8455882352941176,0.8615384615384616,0.9139013452914798
527,0.1633862827270309,0.4782977311086713,0.8382352941176471,0.852017937219731,0.9146527693612896
528,0.153083745029075,0.5152070368777084,0.8357843137254902,0.8487584650112867,0.9131014422494244
529,0.1609910270736261,0.5163458394818008,0.8357843137254902,0.8514412416851441,0.911331959762453
530,0.1559166340968726,0.5349354430960089,0.8455882352941176,0.8577878103837472,0.9160586595564174
531,0.1557588031504052,0.52503559796377,0.8406862745098039,0.8539325842696629,0.9134650345412676
532,0.158089240928369,0.5356032513721171,0.8431372549019608,0.8552036199095022,0.913416555569022
533,0.1663841868653619,0.5465205603772226,0.8431372549019608,0.8558558558558559,0.910604775178766
534,0.1575821555556695,0.5423186349171195,0.8333333333333334,0.8454545454545455,0.9124227366379832
535,0.1484079396249326,0.558752893013697,0.8431372549019608,0.8571428571428571,0.906968852260332
536,0.1554637749867936,0.5544116343417224,0.8455882352941176,0.8571428571428571,0.915961701611926
537,0.1599643188385875,0.5354860188056003,0.8357843137254902,0.8487584650112867,0.915452672403345
538,0.1546479730152645,0.5280075713389498,0.8406862745098039,0.8526077097505669,0.9148709247363956
539,0.1630161892599854,0.5312208233802926,0.8259803921568627,0.8404494382022472,0.9123257786934916
540,0.1608917296298442,0.521609472521745,0.8431372549019608,0.8584070796460177,0.9127620894437036
541,0.1607336149625251,0.5214471296297715,0.8382352941176471,0.847926267281106,0.916616167737244
542,0.1459863453966342,0.5172893534432731,0.8382352941176471,0.8513513513513513,0.91574354623682
543,0.1532362608639009,0.5145775808441434,0.8455882352941176,0.8609271523178808,0.9144346139861836
544,0.1612171640242535,0.5302621669720347,0.8357843137254902,0.849438202247191,0.9141679796388316
545,0.1639647546721382,0.5134586846437671,0.8529411764705882,0.8672566371681416,0.9163010544176464
546,0.1662179160246088,0.5355235776663119,0.8504901960784313,0.8610478359908884,0.914773966791904
547,0.1691308397091239,0.5219695582054555,0.8455882352941176,0.8577878103837472,0.917052478487456
548,0.154368212042045,0.5232552963071594,0.8431372549019608,0.8558558558558559,0.915428432917222
549,0.1659970543684403,0.5186024251320929,0.8578431372549019,0.8716814159292036,0.9143012968125076
550,0.1670920591230041,0.5028426018452236,0.8431372549019608,0.8577777777777778,0.9114046782208216
551,0.1592637157878992,0.5696077057224351,0.8480392156862745,0.8597285067873304,0.9115258756514362
552,0.1530679480612643,0.5409864281696797,0.8455882352941176,0.8609271523178808,0.9096109562477276
553,0.1668092924575864,0.5268767337113911,0.8504901960784313,0.8635346756152126,0.9121076233183856
554,0.1640927158433235,0.5579171511207652,0.8480392156862745,0.8590909090909091,0.9099260695673252
555,0.1513403536169075,0.5178423478706357,0.8480392156862745,0.8622222222222222,0.9165676887649984
556,0.1551642648830004,0.4964418829573939,0.8333333333333334,0.8488888888888889,0.9147982062780268
557,0.1600483740902751,0.5267628411598065,0.8357843137254902,0.8514412416851441,0.9102654223730456
558,0.1443829618897174,0.5434701541511744,0.8406862745098039,0.854586129753915,0.9132226396800388
559,0.1504352536121029,0.5410804796562183,0.8455882352941176,0.8577878103837472,0.9139498242637256
560,0.1585580160647082,0.5237012179751023,0.8406862745098039,0.8558758314855875,0.9154041934310992
561,0.1612705174582136,0.5277042377411443,0.8406862745098039,0.8565121412803532,0.9134892740273906
562,0.1596356861384734,0.5574694960652029,0.8382352941176471,0.8526785714285714,0.9068476548297176
563,0.1538098001498386,0.5248631623290553,0.8431372549019608,0.8571428571428571,0.9131984001939158
564,0.163711472870382,0.5061642836423262,0.8357843137254902,0.8507795100222717,0.9160586595564174
565,0.1650021936264506,0.5048853687430713,0.8333333333333334,0.8521739130434782,0.9107986910677494
566,0.1620607928447197,0.532943415549109,0.8382352941176471,0.8526785714285714,0.9147982062780268
567,0.1447450749804637,0.5256895431655222,0.8431372549019608,0.8565022421524664,0.9130772027633014
568,0.1586908936134876,0.5420385781794275,0.8406862745098039,0.854586129753915,0.910410859289783
569,0.1498952526804859,0.5363614429975403,0.8308823529411765,0.8496732026143791,0.9131256817355472
570,0.1649042560370421,0.5318620256924381,0.8357843137254902,0.849438202247191,0.9133923160828992
571,0.156659726515138,0.5408924594064992,0.8431372549019608,0.8558558558558559,0.9143618955278148
572,0.1626515139648519,0.508309802058719,0.8382352941176471,0.852017937219731,0.9161071385286632
573,0.1622307903013346,0.519794824898389,0.8406862745098039,0.8519362186788155,0.9162768149315236
574,0.1462055437221117,0.4847624726392621,0.8431372549019608,0.8577777777777778,0.9190885953217792
575,0.1545582697526809,0.5409619327561528,0.8480392156862745,0.8597285067873304,0.914337656041692
576,0.1583587295804287,0.496763341603618,0.8431372549019608,0.8577777777777778,0.9157435462368196
577,0.1578070007218905,0.5052998394216868,0.8578431372549019,0.8705357142857143,0.9187734820021816
578,0.1662626568890788,0.4855636056403027,0.8333333333333334,0.8482142857142857,0.9150890801115016
579,0.1488883982223967,0.5111579438854083,0.8333333333333334,0.8461538461538461,0.9169797600290874
580,0.1565211028774823,0.5057150463701463,0.8357843137254902,0.8514412416851441,0.917052478487456
581,0.1492644303232614,0.5281670583850321,0.8382352941176471,0.8546255506607929,0.913852866319234
582,0.155176531975986,0.5572498367880198,0.8357843137254902,0.8533916849015317,0.9064355835656284
583,0.1585379811883704,0.5438630797480252,0.8431372549019608,0.8558558558558559,0.9116955520542964
584,0.1521851308323854,0.51025188032209,0.8431372549019608,0.8577777777777778,0.9175615076960368
585,0.1527594164288117,0.5195153064834064,0.8406862745098039,0.8565121412803532,0.9136589504302508
586,0.1548969058079953,0.5329143949875644,0.8504901960784313,0.8616780045351474,0.9148951642225184
587,0.151642986108189,0.5316502553520396,0.8504901960784313,0.8623024830699775,0.918191734335232
588,0.1509975002472934,0.5026343615232584,0.8382352941176471,0.8539823008849557,0.9157677857229428
589,0.1529476677347546,0.5468336581343821,0.8455882352941176,0.8577878103837472,0.9139498242637256
590,0.1442470280305008,0.516214152834579,0.8382352941176471,0.8539823008849557,0.9141922191249544
591,0.1454748503452429,0.5411589431539908,0.8382352941176471,0.8486238532110092,0.9145073324445522
592,0.1577028853030292,0.5176571616697508,0.8382352941176471,0.8539823008849557,0.9126166525269664
593,0.1671348271925756,0.5339162599651471,0.8480392156862745,0.8622222222222222,0.9200581747666948
594,0.1547457770244475,0.5190479804729751,0.8431372549019608,0.8590308370044053,0.9158889831535572
595,0.1526073291623519,0.5313253864262473,0.8308823529411765,0.8456375838926175,0.9123742576657374
596,0.1556875393068863,0.5517747280799656,0.8406862745098039,0.854586129753915,0.910871409526118
597,0.1429064077148042,0.5501716892627597,0.8431372549019608,0.8545454545454545,0.9153314749727306
598,0.1630943582101833,0.5048608189110881,0.8284313725490197,0.8471615720524017,0.9150890801115016
599,0.1456197143880867,0.5217344551826554,0.8455882352941176,0.8577878103837472,0.9160344200702945
600,0.1483892683602549,0.5197095507390651,0.8382352941176471,0.8539823008849557,0.9168828020845958
601,0.1530558794919698,0.5147680203138175,0.8382352941176471,0.8526785714285714,0.9181432553629862
602,0.1484574823108918,0.5144049907011875,0.8333333333333334,0.8488888888888889,0.9178039025572656
603,0.1537798967829511,0.5174485827595288,0.8431372549019608,0.8577777777777778,0.9165434492788752
604,0.1494711885605853,0.5442186274894458,0.8504901960784313,0.8647450110864745,0.9198400193915888
605,0.1409368094125408,0.5268513996464511,0.8406862745098039,0.8552338530066815,0.9171494364319476
606,0.1540427898428191,0.5152248050287074,0.8455882352941176,0.8615384615384616,0.9178281420433886
607,0.1693366452777312,0.5020628018560362,0.8455882352941176,0.8584269662921349,0.922336686462247
608,0.1502528325911679,0.5216036395115011,0.8333333333333334,0.8495575221238938,0.912713610471458
609,0.1587590865013789,0.5238426348157957,0.8382352941176471,0.8533333333333334,0.9133923160828992
610,0.1577051886385935,0.5202013234808749,0.8357843137254902,0.8520971302428256,0.9160586595564174
611,0.1540590714640412,0.5051319871494985,0.8357843137254902,0.8514412416851441,0.9172221548903164
612,0.1569335054766181,0.5389606957597768,0.8431372549019608,0.8552036199095022,0.9145315719306752
613,0.14747204083058,0.5332272402695654,0.8431372549019608,0.8558558558558559,0.9166888861956126
614,0.1503612368567589,0.530436489292804,0.8504901960784313,0.8623024830699775,0.918458368682584
615,0.1561945050954818,0.5172899821111202,0.8455882352941176,0.8584269662921349,0.9213186280450854
616,0.1540422893192139,0.504670223193791,0.8382352941176471,0.8546255506607929,0.915234517028239
617,0.1486984147433123,0.5115931884559127,0.8455882352941176,0.8627450980392157,0.9183856502242153
618,0.1456306067803886,0.5192631922625736,0.8431372549019608,0.8571428571428571,0.918894679432796
619,0.1511486012237203,0.5267591649602514,0.8480392156862745,0.8622222222222222,0.9188462004605504
620,0.1499649789618568,0.536149452266959,0.8406862745098039,0.8526077097505669,0.9199369773360804
621,0.148468345714493,0.5470019372422066,0.8455882352941176,0.8596881959910914,0.9162768149315236
622,0.1586469440281025,0.5396733444010583,0.8431372549019608,0.8558558558558559,0.9175615076960368
623,0.1389746421685248,0.5463937587189196,0.8455882352941176,0.8558352402745996,0.92068840140589
624,0.1482787780052313,0.525434750314875,0.8455882352941176,0.8558352402745996,0.9226517997818446
625,0.1559487436172421,0.5209910519485015,0.8529411764705882,0.8660714285714286,0.9164949703066296
626,0.1505834432650197,0.511741257507774,0.8382352941176471,0.8546255506607929,0.9175130287237911
627,0.1408703230001443,0.5335860725574415,0.8529411764705882,0.8642533936651584,0.920470246030784
628,0.1443245742767135,0.5207186491256032,0.8455882352941176,0.8584269662921349,0.9220215731426492
629,0.1464509010132105,0.5381680618145266,0.8406862745098039,0.8526077097505669,0.917513028723791
630,0.1481919176647999,0.5419636743654516,0.8431372549019608,0.8577777777777778,0.9173433523209308
631,0.1493609302614364,0.5595152299673132,0.8357843137254902,0.8480725623582767,0.9153799539449764
632,0.1486122018537638,0.5425043083800405,0.8529411764705882,0.8666666666666667,0.9144346139861834
633,0.1584944684538373,0.5431050623438376,0.8431372549019608,0.8577777777777778,0.9123015392073688
634,0.151872327009593,0.5267753904895383,0.8333333333333334,0.8488888888888889,0.9155496303478364
635,0.1506286366037064,0.5348390988348162,0.8431372549019608,0.8565022421524664,0.9169070415707188
636,0.1428716273395561,0.526212666361757,0.8504901960784313,0.8635346756152126,0.9194279481274996
637,0.1548124415011493,0.5134496227792446,0.8406862745098039,0.8539325842696629,0.9196461035026058
638,0.1446015399109366,0.5298027991289821,0.8553921568627451,0.8674157303370786,0.9166646467094896
639,0.148544397968456,0.5349315066967963,0.8455882352941176,0.8584269662921349,0.9144103745000606
640,0.1526593127682165,0.5178465546866623,0.8480392156862745,0.8609865470852018,0.9179493394740031
641,0.1499814582382974,0.5010379600137764,0.8480392156862745,0.8622222222222222,0.9203490486001696
642,0.1482053620866471,0.5301923932069365,0.8455882352941176,0.8603104212860311,0.9150648406253789
643,0.1549518645175395,0.5293421917960194,0.8553921568627451,0.8685968819599109,0.9149678826808872
644,0.1449190718447504,0.5220736917701787,0.8529411764705882,0.8666666666666667,0.9234032238516544
645,0.1498744486848269,0.5280183447826216,0.8480392156862745,0.8597285067873304,0.92068840140589
646,0.1477878175538741,0.5331670705413939,0.8553921568627451,0.8674157303370786,0.9212216701005936
647,0.1431733095389933,0.5346435505517886,0.8431372549019608,0.8558558558558559,0.9179250999878804
648,0.1484591858015835,0.5407442097305594,0.8431372549019608,0.8545454545454545,0.9147982062780268
649,0.154376993570591,0.5378007616701663,0.8455882352941176,0.8590604026845637,0.9128832868743184
650,0.1488443504081913,0.5493081893096221,0.8406862745098039,0.8571428571428571,0.913416555569022
651,0.1538565276956265,0.5191709348183199,0.8455882352941176,0.8590604026845637,0.9189189189189187
652,0.1423033476790036,0.5234472639767417,0.8480392156862745,0.8616071428571429,0.9187977214883044
653,0.1463382709611413,0.5425160302159687,0.8406862745098039,0.8552338530066815,0.919379469155254
654,0.1397639898434738,0.5389930691350909,0.8382352941176471,0.8513513513513513,0.9179250999878804
655,0.1456385103288603,0.5361732248372088,0.8455882352941176,0.8590604026845637,0.921633741364683
656,0.1484985384290203,0.5126543899030224,0.8504901960784313,0.8635346756152126,0.9194037086413768
657,0.1486097209384105,0.5306423187995439,0.8480392156862745,0.8603603603603603,0.92152466367713
658,0.1366314698833446,0.559297875985138,0.8455882352941176,0.856492027334852,0.9174645497515452
659,0.1408570819700056,0.6081501264267775,0.8455882352941176,0.856492027334852,0.9183614107380924
660,0.147267945604456,0.5959792658047495,0.8504901960784313,0.8604118993135011,0.916398012362138
661,0.1474404023103187,0.5099325129607072,0.8382352941176471,0.8513513513513513,0.920300569627924
662,0.1474385541275235,0.5380001770202344,0.8480392156862745,0.8577981651376146,0.9214883044479456
663,0.1431622158347463,0.5219885054793135,0.8406862745098039,0.854586129753915,0.9203248091140468
664,0.146705974940142,0.5393832752106748,0.8382352941176471,0.8539823008849557,0.9162283359592776
665,0.1433916079486074,0.5502213005344018,0.8480392156862745,0.8597285067873304,0.916398012362138
666,0.1427235673175999,0.5808800841572092,0.8455882352941176,0.8551724137931035,0.9179250999878802
667,0.1501306695440795,0.5289821860736564,0.8480392156862745,0.8609865470852018,0.9164707308205068
668,0.1552264088136286,0.5250103658786518,0.8406862745098039,0.8526077097505669,0.9229911525875651
669,0.1393267199122832,0.5049010404915202,0.8578431372549019,0.8693693693693694,0.9187007635438128
670,0.1435640962942977,0.528299685531095,0.8455882352941176,0.8584269662921349,0.9169555205429644
671,0.1442014670810816,0.5746033595139891,0.8357843137254902,0.8452655889145496,0.9157920252090654
672,0.15288713159371,0.526578341345942,0.8455882352941176,0.8584269662921349,0.9164222518482608
673,0.1372992760473233,0.5462959739060014,0.8455882352941176,0.8558352402745996,0.9185553266270756
674,0.1437141454750043,0.5318856801787465,0.8504901960784313,0.8629213483146068,0.919815779905466
675,0.1366156069961793,0.5619733907606489,0.8480392156862745,0.8609865470852018,0.9155981093200825
676,0.1475050783596155,0.5475355985331322,0.8480392156862745,0.8603603603603603,0.9197915404193432
677,0.1515966754200999,0.5011267707541621,0.8553921568627451,0.8656036446469249,0.9193794691552538
678,0.1504585475552301,0.5369535608961266,0.8431372549019608,0.8552036199095022,0.9201551327111864
679,0.1509305099950977,0.5366671623470372,0.8504901960784313,0.8647450110864745,0.9160101805841716
680,0.1427540871217572,0.5222485122754804,0.8578431372549019,0.8699551569506726,0.9221185310871408
681,0.1392705147983106,0.5237821418718964,0.8578431372549019,0.8699551569506726,0.9197430614470972
682,0.1385531204701201,0.5396339843145517,0.8553921568627451,0.8668171557562077,0.9221670100593868
683,0.1351677674457339,0.5336115288173816,0.8455882352941176,0.8584269662921349,0.9186038055993212
684,0.1433911850664513,0.5436530659048289,0.8455882352941176,0.8590604026845637,0.920252090655678
685,0.1471437083157293,0.5733418476964146,0.8431372549019608,0.8552036199095022,0.9178766210156344
686,0.1516818983148943,0.5661960256642059,0.8455882352941176,0.856492027334852,0.9180947763907406
687,0.143899406346441,0.5714416041851555,0.8308823529411765,0.849015317286652,0.9114531571930676
688,0.1456146166688459,0.5513821105819707,0.8504901960784313,0.8629213483146068,0.9155981093200825
689,0.1541508642899478,0.5574880054896223,0.8455882352941176,0.8584269662921349,0.9155738698339596
690,0.1396098074920338,0.5559734176780444,0.8504901960784313,0.8610478359908884,0.9189189189189187
691,0.1398921016672271,0.5416915836702922,0.8455882352941176,0.8571428571428571,0.9204460065446612
692,0.1493591001977218,0.5605939981691977,0.8455882352941176,0.8577878103837472,0.9164707308205068
693,0.1491361167259011,0.5664938859180456,0.8504901960784313,0.8610478359908884,0.9174403102654224
694,0.1517793233409249,0.5483586682810211,0.8382352941176471,0.8506787330316742,0.914313416555569
695,0.1429500407602158,0.5388313933987828,0.8504901960784313,0.8623024830699775,0.919549145558114
696,0.1399323727089934,0.5620562300432985,0.8529411764705882,0.8636363636363636,0.9177796630711428
697,0.1394238742948309,0.5269465307321619,0.8480392156862745,0.8609865470852018,0.9177311840988972
698,0.1325821033558962,0.5308388601007014,0.8480392156862745,0.8609865470852018,0.9203248091140468
699,0.151887416217956,0.5426077412637681,0.8431372549019608,0.8558558558558559,0.9189431584050418
700,0.1411493081073819,0.5382534968301508,0.8578431372549019,0.8693693693693694,0.9173191128348078
